"name","id"
"Cannonball",2
"Cannon base",6
"Cannon stand",7
"Cannon barrels",8
"Cannon furnace",9
"Candle",32
"Bronze arrowheads",34
"Iron arrowheads",35
"Steel arrowheads",36
"Mithril arrowheads",37
"Adamant arrowheads",38
"Rune arrowheads",39
"Opal bolt tips",40
"Pearl bolt tips",41
"Barb bolttips",42
"Shieldbow (u)",43
"Shortbow (u)",44
"Arrow shaft",45
"Headless arrow",46
"Oak shortbow (u)",47
"Oak shieldbow (u)",48
"Willow shieldbow (u)",49
"Willow shortbow (u)",50
"Maple shieldbow (u)",51
"Maple shortbow (u)",52
"Yew shieldbow (u)",53
"Yew shortbow (u)",54
"Magic shieldbow (u)",55
"Magic shortbow (u)",56
"Guam potion (unf)",70
"Marrentill potion (unf)",71
"Tarromin potion (unf)",72
"Harralander potion (unf)",73
"Ranarr potion (unf)",74
"Irit potion (unf)",75
"Avantoe potion (unf)",76
"Kwuarm potion (unf)",77
"Cadantine potion (unf)",78
"Dwarf weed potion (unf)",79
"Torstol potion (unf)",80
"Strength potion (4)",81
"Strength potion (3)",82
"Strength potion (2)",83
"Strength potion (1)",84
"Attack potion (3)",85
"Attack potion (2)",86
"Attack potion (1)",87
"Restore potion (3)",88
"Restore potion (2)",89
"Restore potion (1)",90
"Defence potion (3)",91
"Defence potion (2)",92
"Defence potion (1)",93
"Prayer potion (3)",94
"Prayer potion (2)",95
"Prayer potion (1)",96
"Super attack (3)",97
"Super attack (2)",98
"Super attack (1)",99
"Fishing potion (3)",100
"Fishing potion (2)",101
"Fishing potion (1)",102
"Super strength (3)",103
"Super strength (2)",104
"Super strength (1)",105
"Super defence (3)",106
"Super defence (2)",107
"Super defence (1)",108
"Super ranging potion (3)",109
"Super ranging potion (2)",110
"Super ranging potion (1)",111
"Antipoison (3)",112
"Antipoison (2)",113
"Antipoison (1)",114
"Super antipoison (3)",115
"Super antipoison (2)",116
"Super antipoison (1)",117
"Zamorak brew (3)",119
"Zamorak brew (2)",120
"Zamorak brew (1)",121
"Acne potion",122
"Poison chalice",123
"Grimy guam",124
"Grimy marrentill",125
"Grimy tarromin",126
"Grimy harralander",127
"Grimy ranarr",128
"Grimy irit",129
"Grimy avantoe",130
"Grimy kwuarm",131
"Grimy cadantine",132
"Grimy dwarf weed",133
"Grimy torstol",134
"Eye of newt",135
"Red spiders' eggs",136
"Limpwurt root",137
"Vial of water",138
"Vial",139
"Snape grass",140
"Pestle and mortar",141
"Unicorn horn dust",142
"Unicorn horn",143
"White berries",144
"Dragon scale dust",145
"Blue dragon scale",146
"Wine of Zamorak",147
"Jangerberries",148
"Clean guam",149
"Clean marrentill",150
"Clean tarromin",151
"Clean harralander",152
"Clean ranarr",153
"Clean irit",154
"Clean avantoe",155
"Clean kwuarm",156
"Clean cadantine",157
"Clean dwarf weed",158
"Clean torstol",159
"Goblin mail",177
"Mithril seeds",187
"Lobster pot",189
"Small fishing net",190
"Big fishing net",191
"Fishing rod",192
"Fly fishing rod",193
"Harpoon",194
"Fishing bait",195
"Feather",196
"Shrimps",197
"Raw shrimps",198
"Anchovies",199
"Raw anchovies",200
"Sardine",203
"Raw sardine",204
"Salmon",205
"Raw salmon",206
"Trout",207
"Raw trout",208
"Cod",211
"Raw cod",212
"Raw herring",215
"Herring",216
"Raw pike",217
"Pike",218
"Raw mackerel",219
"Mackerel",220
"Raw tuna",223
"Tuna",224
"Raw bass",225
"Bass",226
"Raw swordfish",231
"Swordfish",232
"Raw lobster",235
"Lobster",236
"Raw shark",239
"Shark",240
"Raw manta ray",243
"Manta ray",244
"Raw sea turtle",247
"Sea turtle",248
"Seaweed",251
"Edible seaweed",252
"Casket",253
"Oyster",254
"Oyster pearl",256
"Oyster pearls",257
"Priest gown",269
"Priest gown",270
"Clay",275
"Copper ore",276
"Tin ore",277
"Iron ore",278
"Silver ore",279
"Gold ore",280
"Mithril ore",282
"Adamantite ore",283
"Runite ore",284
"Coal",285
"Strange fruit",295
"Bones",328
"Burnt bones",329
"Bat bones",330
"Big bones",331
"Baby dragon bones",332
"Dragon bones",333
"Druid's robe",334
"Druid's robe",335
"Monk's robe",336
"Monk's robe",337
"Newcomer map",342
"Fire rune",345
"Water rune",346
"Air rune",347
"Earth rune",348
"Mind rune",349
"Body rune",350
"Death rune",351
"Nature rune",352
"Chaos rune",353
"Law rune",354
"Cosmic rune",355
"Blood rune",356
"Soul rune",357
"Unpowered orb",358
"Fire orb",359
"Water orb",360
"Air orb",361
"Earth orb",362
"Wizard robe top",363
"Wizard hat",364
"Black robe top",365
"Tinderbox",371
"Ashes",372
"Unlit torch",375
"Bronze fire arrows",376
"Astronomy book",378
"Pink boots",404
"Green boots",405
"Blue boots",406
"Cream boots",407
"Turquoise boots",408
"Pink robe top",409
"Green robe top",410
"Blue robe top",411
"Cream robe top",412
"Turquoise robe top",413
"Pink robe bottoms",414
"Green robe bottoms",415
"Blue robe bottoms",416
"Cream robe bottoms",417
"Turquoise robe bottoms",418
"Pink hat",419
"Green hat",420
"Blue hat",421
"Cream hat",422
"Turquoise hat",423
"Cadava berries",510
"Bronze throwing axe",550
"Iron throwing axe",551
"Steel throwing axe",552
"Mithril throwing axe",553
"Adamant throwing axe",554
"Rune throwing axe",555
"Bronze dart",556
"Iron dart",557
"Steel dart",558
"Mithril dart",559
"Adamant dart",560
"Rune dart",561
"Bronze dart tip",569
"Iron dart tip",570
"Steel dart tip",571
"Mithril dart tip",572
"Adamant dart tip",573
"Rune dart tip",574
"Bronze javelin",575
"Iron javelin",576
"Steel javelin",577
"Mithril javelin",578
"Adamant javelin",579
"Rune javelin",580
"Crossbow",587
"Shieldbow",588
"Shortbow",589
"Oak shortbow",590
"Oak shieldbow",591
"Willow shieldbow",592
"Willow shortbow",593
"Maple shieldbow",594
"Maple shortbow",595
"Yew shieldbow",596
"Yew shortbow",597
"Magic shieldbow",598
"Magic shortbow",599
"Iron knife",600
"Bronze knife",601
"Steel knife",602
"Mithril knife",603
"Adamant knife",604
"Rune knife",605
"Black knife",606
"Bronze bolts",614
"Opal bolts",616
"Pearl bolts",617
"Barbed bolts",618
"Bronze arrow",619
"Iron arrow",621
"Steel arrow",623
"Mithril arrow",625
"Adamant arrow",627
"Rune arrow",629
"Bronze fire arrows",631
"Knife",634
"Bear fur",635
"Silk",636
"Spade",637
"Rope",638
"Grey wolf fur",641
"Plank",642
"Christmas cracker",643
"Papyrus",650
"Charcoal",652
"Machete",653
"Disk of returning",655
"Brass key",656
"Tooth half of a key",657
"Loop half of a key",658
"Crystal key",659
"Muddy key",660
"Sinister key",661
"White apron",663
"Cape",664
"Brass necklace",665
"Wizard robe skirt",666
"Pink skirt",667
"Black robe skirt",668
"Wizard hat",669
"Cape",670
"Cape",671
"Cape",672
"Eye patch",673
"Cape",674
"Cape",675
"Cape",676
"Zamorak robe",677
"Zamorak robe",678
"Red partyhat",680
"Yellow partyhat",681
"Blue partyhat",682
"Green partyhat",683
"Purple partyhat",684
"White partyhat",685
"Santa hat",686
"Green h'ween mask",688
"Blue h'ween mask",689
"Red h'ween mask",690
"Leather gloves",691
"Leather boots",692
"Leather vambraces",693
"Green d'hide vambraces",694
"Iron platelegs",695
"Steel platelegs",696
"Mithril platelegs",697
"Adamant platelegs",698
"Bronze platelegs",699
"Black platelegs",700
"Rune platelegs",701
"Iron plateskirt",702
"Steel plateskirt",703
"Mithril plateskirt",704
"Bronze plateskirt",705
"Black plateskirt",706
"Adamant plateskirt",707
"Rune plateskirt",708
"Leather chaps",709
"Studded chaps",710
"Green d'hide chaps",711
"Iron chainbody",712
"Bronze chainbody",713
"Steel chainbody",714
"Black chainbody",715
"Mithril chainbody",716
"Adamant chainbody",717
"Rune chainbody",718
"Iron platebody",719
"Bronze platebody",720
"Steel platebody",721
"Mithril platebody",722
"Adamant platebody",723
"Black platebody",724
"Rune platebody",725
"Leather body",726
"Hard leather body",727
"Studded body",728
"Green d'hide body",729
"Iron helm",730
"Bronze helm",731
"Steel helm",732
"Mithril helm",733
"Adamant helm",734
"Rune helm",735
"Dragon helm",736
"Black helm",737
"Iron full helm",738
"Bronze full helm",739
"Steel full helm",740
"Mithril full helm",741
"Adamant full helm",742
"Rune full helm",743
"Black full helm",744
"Leather cowl",745
"Coif",746
"Wooden shield",747
"Bronze sq shield",748
"Iron sq shield",749
"Steel sq shield",750
"Black sq shield",751
"Mithril sq shield",752
"Adamant sq shield",753
"Rune sq shield",754
"Dragon sq shield",755
"Bronze kiteshield",756
"Iron kiteshield",757
"Steel kiteshield",758
"Black kiteshield",759
"Mithril kiteshield",760
"Adamant kiteshield",761
"Rune kiteshield",762
"Iron dagger",763
"Bronze dagger",764
"Steel dagger",765
"Mithril dagger",766
"Adamant dagger",767
"Rune dagger",768
"Dragon dagger",769
"Black dagger",770
"Bronze spear",780
"Iron spear",781
"Steel spear",782
"Mithril spear",783
"Adamant spear",784
"Rune spear",785
"Dragon spear",786
"Bronze pickaxe",794
"Iron pickaxe",795
"Steel pickaxe",796
"Adamant pickaxe",797
"Mithril pickaxe",798
"Rune pickaxe",799
"Bronze sword",800
"Iron sword",801
"Steel sword",802
"Black sword",803
"Mithril sword",804
"Adamant sword",805
"Rune sword",806
"Bronze longsword",807
"Iron longsword",808
"Steel longsword",809
"Black longsword",810
"Mithril longsword",811
"Adamant longsword",812
"Rune longsword",813
"Dragon longsword",814
"Bronze 2h sword",815
"Iron 2h sword",816
"Steel 2h sword",817
"Black 2h sword",818
"Mithril 2h sword",819
"Adamant 2h sword",820
"Rune 2h sword",821
"Bronze scimitar",822
"Iron scimitar",823
"Steel scimitar",824
"Black scimitar",825
"Mithril scimitar",826
"Adamant scimitar",827
"Rune scimitar",828
"Iron warhammer",829
"Bronze warhammer",830
"Steel warhammer",831
"Black warhammer",832
"Mithril warhammer",833
"Adamant warhammer",834
"Rune warhammer",835
"Iron hatchet",836
"Bronze hatchet",837
"Steel hatchet",838
"Mithril hatchet",839
"Adamant hatchet",840
"Rune hatchet",841
"Black hatchet",842
"Iron battleaxe",843
"Steel battleaxe",844
"Black battleaxe",845
"Mithril battleaxe",846
"Adamant battleaxe",847
"Rune battleaxe",848
"Bronze battleaxe",849
"Dragon battleaxe",850
"Staff",851
"Staff of air",852
"Staff of water",853
"Staff of earth",854
"Staff of fire",855
"Magic staff",856
"Battlestaff",857
"Fire battlestaff",858
"Water battlestaff",859
"Air battlestaff",860
"Earth battlestaff",861
"Mystic fire staff",862
"Mystic water staff",863
"Mystic air staff",864
"Mystic earth staff",865
"Iron mace",873
"Bronze mace",874
"Steel mace",875
"Black mace",876
"Mithril mace",877
"Adamant mace",878
"Rune mace",879
"Dragon mace",880
"Rune essence",881
"Air talisman",882
"Earth talisman",883
"Fire talisman",884
"Water talisman",885
"Body talisman",886
"Mind talisman",887
"Blood talisman",888
"Chaos talisman",889
"Cosmic talisman",890
"Death talisman",891
"Law talisman",892
"Nature talisman",894
"Archery ticket",895
"Red bead",901
"Yellow bead",902
"Black bead",903
"White bead",904
"Amulet of accuracy",905
"Logs",937
"Magic logs",938
"Yew logs",939
"Maple logs",940
"Willow logs",941
"Oak logs",942
"Lockpick",943
"Steel nails",958
"Anti-dragon shield",959
"Garlic",968
"Ring mould",1006
"Amulet mould",1008
"Necklace mould",1009
"Holy mould",1010
"Diamond",1011
"Ruby",1012
"Emerald",1013
"Sapphire",1014
"Opal",1015
"Jade",1016
"Red topaz",1017
"Dragonstone",1018
"Uncut diamond",1019
"Uncut ruby",1020
"Uncut emerald",1021
"Uncut sapphire",1022
"Uncut opal",1023
"Uncut jade",1024
"Uncut red topaz",1025
"Uncut dragonstone",1026
"Gold ring",1028
"Sapphire ring",1029
"Emerald ring",1030
"Ruby ring",1031
"Diamond ring",1032
"Dragonstone ring",1033
"Gold necklace",1039
"Sapphire necklace",1040
"Emerald necklace",1041
"Ruby necklace",1042
"Diamond necklace",1043
"Dragon necklace",1044
"Gold amulet",1050
"Sapphire amulet",1051
"Emerald amulet",1052
"Ruby amulet",1053
"Diamond amulet",1054
"Dragonstone amulet",1055
"Gold amulet",1061
"Sapphire amulet",1062
"Emerald amulet",1063
"Ruby amulet",1064
"Diamond amulet",1065
"Dragonstone amulet",1066
"Amulet of glory",1067
"Amulet of glory (4)",1071
"Unstrung symbol",1072
"Unblessed symbol",1073
"Holy symbol",1074
"Unstrung emblem",1075
"Unpowered symbol",1076
"Unholy symbol",1077
"Amulet of strength",1078
"Amulet of magic",1079
"Amulet of defence",1080
"Amulet of power",1081
"Needle",1082
"Thread",1083
"Shears",1084
"Wool",1085
"Cowhide",1086
"Leather",1087
"Hard leather",1088
"Green dragon leather",1089
"Black dragonhide",1090
"Red dragonhide",1091
"Blue dragonhide",1092
"Green dragonhide",1093
"Chisel",1094
"Brown apron",1095
"Ball of wool",1096
"Soft clay",1097
"Red dye",1098
"Yellow dye",1099
"Blue dye",1100
"Orange dye",1101
"Green dye",1102
"Purple dye",1103
"Molten glass",1104
"Bowstring",1105
"Flax",1106
"Soda ash",1107
"Bucket of sand",1108
"Glassblowing pipe",1109
"Pot (unfired)",1110
"Pie dish (unfired)",1111
"Bowl (unfired)",1112
"Woad leaf",1113
"Bronze wire",1114
"Waterskin (4)",1142
"Waterskin (0)",1146
"Desert shirt",1147
"Desert robe",1148
"Desert boots",1149
"Raw ugthanki meat",1170
"Ugthanki meat",1171
"Pitta dough",1172
"Pitta bread",1173
"Chopped tomato",1176
"Chopped onion",1177
"Onion & tomato",1180
"Kebab mix",1185
"Ugthanki kebab",1186
"Ugthanki kebab",1187
"Cake tin",1188
"Uncooked cake",1189
"Cake",1190
"2/3 cake",1191
"Slice of cake",1192
"Chocolate cake",1193
"2/3 chocolate cake",1194
"Chocolate slice",1195
"Asgarnian ale",1198
"Wizard's mind bomb",1199
"Greenman's ale",1200
"Dragon bitter",1201
"Dwarven stout",1202
"Grog",1203
"Beer",1204
"Beer glass",1205
"Bowl of water",1206
"Bowl",1207
"Bucket",1208
"Bucket of milk",1209
"Bucket of water",1210
"Empty pot",1211
"Pot of flour",1212
"Jug",1213
"Jug of water",1214
"Swamp tar",1215
"Raw swamp paste",1216
"Swamp paste",1217
"Raw potato",1218
"Egg",1219
"Wheat",1221
"Chef's hat",1222
"Redberries",1223
"Pastry dough",1224
"Cooking apple",1225
"Onion",1226
"Pumpkin",1227
"Easter egg",1228
"Banana",1229
"Cabbage",1230
"Kebab",1234
"Chocolate bar",1235
"Chocolate dust",1236
"Cup of tea",1238
"Empty cup",1239
"Tomato",1240
"Cheese",1242
"Grapes",1243
"Half full wine jug",1244
"Jug of wine",1247
"Incomplete stew",1250
"Uncooked stew",1253
"Stew",1254
"Spice",1257
"Uncooked curry",1258
"Curry",1259
"Vodka",1262
"Whisky",1263
"Gin",1264
"Brandy",1265
"Premade blurb' sp.",1269
"Premade choc s'dy",1270
"Premade dr' dragon",1271
"Premade fr' blast",1272
"Premade p' punch",1273
"Premade sgg",1274
"Premade wiz blz'd",1275
"Pineapple punch",1279
"Wizard blizzard",1282
"Blurberry special",1287
"Choc saturday",1292
"Short green guy",1295
"Fruit blast",1297
"Drunk dragon",1301
"Lemon",1306
"Lemon chunks",1307
"Lemon slices",1308
"Orange",1309
"Orange chunks",1310
"Orange slices",1311
"Pineapple",1312
"Pineapple chunks",1313
"Pineapple ring",1314
"Lime",1315
"Lime chunks",1316
"Lime slices",1317
"Dwellberries",1318
"Equa leaves",1319
"Pot of cream",1320
"Raw beef",1321
"Raw rat meat",1322
"Raw bear meat",1323
"Raw chicken",1324
"Cooked chicken",1325
"Cooked meat",1326
"Swamp toad",1333
"Toad's legs",1334
"King worm",1339
"Gnome spice",1344
"Gianne dough",1345
"Chocolate bomb",1354
"Tangled toads' legs",1355
"Worm hole",1357
"Veg ball",1359
"Raw crunchies",1364
"Worm crunchies",1366
"Chocchip crunchies",1368
"Spicy crunchies",1370
"Toad crunchies",1372
"Premade w'm batta",1373
"Premade t'd batta",1374
"Premade c+t batta",1375
"Premade fr't batta",1376
"Premade veg batta",1377
"Premade choc bomb",1378
"Premade ttl",1379
"Premade worm hole",1380
"Premade veg ball",1381
"Premade w'm crun'",1382
"Premade ch' crunch",1383
"Premade s'y crunch",1384
"Premade t'd crunch",1385
"Worm batta",1392
"Toad batta",1393
"Cheese+tom batta",1395
"Fruit batta",1404
"Vegetable batta",1406
"Pizza base",1407
"Incomplete pizza",1408
"Uncooked pizza",1409
"Plain pizza",1410
"1/2 plain pizza",1411
"Meat pizza",1412
"1/2 meat pizza",1413
"Anchovy pizza",1414
"1/2 anchovy pizza",1415
"Pineapple pizza",1416
"1/2 p'apple pizza",1417
"Bread dough",1420
"Bread",1421
"Pie dish",1424
"Pie shell",1425
"Uncooked apple pie",1426
"Uncooked meat pie",1427
"Uncooked berry pie",1428
"Apple pie",1429
"Redberry pie",1430
"Meat pie",1431
"Half a meat pie",1434
"Half a redberry pie",1435
"Half an apple pie",1436
"Raw oomlie",1437
"Wrapped oomlie",1440
"Cooked oomlie wrap",1441
"Hammer",1444
"Bronze bar",1445
"Iron bar",1446
"Steel bar",1447
"Silver bar",1448
"Gold bar",1449
"Mithril bar",1450
"Adamant bar",1451
"Rune bar",1452
"Shield left half",1454
"Shield right half",1455
"Steel studs",1456
"Ground bat bones",1476
"Attack potion (4)",1512
"Restore potion (4)",1513
"Defence potion (4)",1514
"Prayer potion (4)",1515
"Super attack (4)",1516
"Fishing potion (4)",1517
"Super strength (4)",1518
"Super defence (4)",1519
"Super ranging potion (4)",1520
"Antipoison (4)",1521
"Super antipoison (4)",1522
"Zamorak brew (4)",1523
"Antifire (4)",1524
"Antifire (3)",1525
"Antifire (2)",1526
"Antifire (1)",1527
"Flowers",1528
"Red flowers",1529
"Blue flowers",1530
"Yellow flowers",1531
"Purple flowers",1532
"Orange flowers",1533
"Flowers",1534
"White flowers",1535
"Black flowers",1536
"Clean lantadyme",1540
"Lantadyme potion (unf)",1541
"Grimy lantadyme",1542
"Blue d'hide vambraces",1543
"Red d'hide vambraces",1544
"Black d'hide vambraces",1545
"Blue d'hide chaps",1546
"Red d'hide chaps",1547
"Black d'hide chaps",1548
"Blue d'hide body",1549
"Red d'hide body",1550
"Black d'hide body",1551
"Blue dragon leather",1552
"Red dragon leather",1553
"Black dragon leather",1554
"Iron fire arrows",1568
"Iron fire arrows",1569
"Steel fire arrows",1570
"Steel fire arrows",1571
"Mithril fire arrows",1572
"Mithril fire arrows",1573
"Adamant fire arrows",1574
"Adamant fire arrows",1575
"Rune fire arrows",1576
"Rune fire arrows",1577
"Ring of recoil",1578
"Ring of duelling (8)",1579
"Ring of duelling (1)",1586
"Ring of forging",1587
"Ring of life",1588
"Ring of wealth",1589
"Ranger boots",1593
"Wizard boots",1594
"Robin hood hat",1595
"Black platebody (t)",1596
"Black platelegs (t)",1597
"Black full helm (t)",1598
"Black kiteshield (t)",1599
"Black platebody (g)",1600
"Black platelegs (g)",1601
"Black full helm (g)",1602
"Black kiteshield (g)",1603
"Adamant platebody (t)",1604
"Adamant platelegs (t)",1605
"Adamant kiteshield (t)",1606
"Adamant full helm (t)",1607
"Adamant platebody (g)",1608
"Adamant platelegs (g)",1609
"Adamant kiteshield (g)",1610
"Adamant full helm (g)",1611
"Rune platebody (g)",1612
"Rune platelegs (g)",1613
"Rune full helm (g)",1614
"Rune kiteshield (g)",1615
"Rune platebody (t)",1616
"Rune platelegs (t)",1617
"Rune full helm (t)",1618
"Rune kiteshield (t)",1619
"Highwayman mask",1620
"Blue beret",1621
"Black beret",1622
"White beret",1623
"Tan cavalier",1624
"Dark cavalier",1625
"Black cavalier",1626
"Red headband",1627
"Black headband",1628
"Brown headband",1629
"Pirate's hat",1630
"Zamorak platebody",1631
"Zamorak platelegs",1632
"Zamorak full helm",1633
"Zamorak kiteshield",1634
"Saradomin platebody",1635
"Saradomin platelegs",1636
"Saradomin full helm",1637
"Saradomin kiteshield",1638
"Guthix platebody",1639
"Guthix platelegs",1640
"Guthix full helm",1641
"Guthix kiteshield",1642
"Wolf bones",1825
"Wolf bone arrowheads",1826
"Achey tree logs",1827
"Ogre arrow shaft",1828
"Flighted ogre arrow",1829
"Ogre arrow",1830
"Raw chompy",1836
"Cooked chompy",1837
"Elemental shield",1846
"Boots",1849
"Robe top",1850
"Robe bottoms",1851
"Hat",1852
"Gloves",1853
"Boots",1854
"Robe top",1855
"Robe bottoms",1856
"Hat",1857
"Gloves",1858
"Boots",1859
"Robe top",1860
"Robe bottoms",1861
"Hat",1862
"Gloves",1863
"Boots",1864
"Robe top",1865
"Robe bottoms",1866
"Hat",1867
"Gloves",1868
"Boots",1869
"Robe top",1870
"Robe bottoms",1871
"Hat",1872
"Gloves",1873
"Moonlight mead",1885
"Silver sickle",1889
"Mort myre fungus",1897
"Mort myre stem",1898
"Mort myre pear",1899
"Sickle mould",1900
"Pirate's hook",1920
"Clean toadflax",1921
"Clean snapdragon",1922
"Toadflax potion (unf)",1923
"Snapdragon potion (unf)",1924
"Energy potion (4)",1926
"Energy potion (3)",1927
"Energy potion (2)",1928
"Energy potion (1)",1929
"Super energy (4)",1930
"Super energy (3)",1931
"Super energy (2)",1932
"Super energy (1)",1933
"Super restore (4)",1934
"Super restore (3)",1935
"Super restore (2)",1936
"Super restore (1)",1937
"Agility potion (4)",1938
"Agility potion (3)",1939
"Agility potion (2)",1940
"Agility potion (1)",1941
"Super magic potion (4)",1942
"Super magic potion (3)",1943
"Super magic potion (2)",1944
"Super magic potion (1)",1945
"Grimy toadflax",1946
"Grimy snapdragon",1947
"Lava battlestaff",1948
"Mystic lava staff",1949
"Black dart",1963
"Bronze claw",1965
"Iron claw",1966
"Steel claw",1967
"Black claw",1968
"Mithril claw",1969
"Adamant claw",1970
"Rune claw",1971
"Rock climbing boots",1975
"Granite shield",1984
"Shaikahan bones",1985
"Jogre bones",1986
"Potato cactus",1997
"Dragon chainbody",1998
"Raw karambwan",1999
"Cooked karambwan",2000
"Karambwan vessel",2012
"Sliced banana",2015
"Monkey bones",2034
"Cleaning cloth",2038
"Bronze halberd",2039
"Iron halberd",2040
"Steel halberd",2041
"Black halberd",2042
"Mithril halberd",2043
"Adamant halberd",2044
"Rune halberd",2045
"Dragon halberd",2046
"Limestone",2052
"Barrel",2056
"Raw rabbit",2065
"Cooked rabbit",2066
"Bark",2072
"Vampyre dust",2093
"Myre snelm",2094
"Blood'n'tar snelm",2095
"Ochre snelm",2096
"Bruise blue snelm",2097
"Broken bark snelm",2098
"Myre snelm",2099
"Blood'n'tar snelm",2100
"Ochre snelm",2101
"Bruise blue snelm",2102
"Blamish myre shell",2103
"Blamish red shell",2104
"Blamish ochre shell",2105
"Blamish blue shell",2106
"Blamish bark shell",2107
"Blamish myre shell",2108
"Blamish red shell",2109
"Blamish ochre shell",2110
"Blamish blue shell",2111
"Thin snail",2112
"Lean snail",2113
"Fat snail",2114
"Thin snail meat",2115
"Lean snail meat",2116
"Fat snail meat",2117
"Sample bottle",2120
"Slimy eel",2121
"Cooked slimy eel",2122
"Splitbark helm",2125
"Splitbark body",2126
"Splitbark legs",2127
"Splitbark gauntlets",2128
"Splitbark boots",2129
"Loar remains",2131
"Phrin remains",2133
"Riyl remains",2135
"Asyn remains",2137
"Fiyr remains",2139
"Limestone brick",2151
"Olive oil (4)",2152
"Olive oil (3)",2153
"Olive oil (2)",2154
"Olive oil (1)",2155
"Sacred oil (4)",2156
"Sacred oil (3)",2157
"Sacred oil (2)",2158
"Sacred oil (1)",2159
"Pyre logs",2160
"Oak pyre logs",2161
"Willow pyre logs",2162
"Maple pyre logs",2163
"Yew pyre logs",2164
"Magic pyre logs",2165
"Fine cloth",2186
"Black plateskirt (t)",2187
"Black plateskirt (g)",2188
"Adamant plateskirt (t)",2189
"Adamant plateskirt (g)",2190
"Rune plateskirt (g)",2191
"Rune plateskirt (t)",2192
"Zamorak plateskirt",2193
"Saradomin plateskirt",2194
"Guthix plateskirt",2195
"Gilded platebody",2196
"Gilded platelegs",2197
"Gilded plateskirt",2198
"Gilded full helm",2199
"Gilded kiteshield",2200
"Archer helm",2445
"Berserker helm",2446
"Warrior helm",2447
"Farseer helm",2448
"Fremennik cloak",2451
"Fremennik cloak",2452
"Fremennik cloak",2453
"Fremennik cloak",2454
"Fremennik shirt",2455
"Fremennik shirt",2456
"Fremennik shirt",2457
"Fremennik shirt",2458
"Fremennik shirt",2459
"Fremennik cloak",2460
"Fremennik cloak",2461
"Fremennik cloak",2462
"Fremennik cloak",2463
"Fremennik cloak",2464
"Fremennik cloak",2465
"Fremennik cloak",2466
"Fremennik boots",2467
"Fremennik robe",2468
"Fremennik skirt",2469
"Fremennik hat",2470
"Gloves",2471
"Keg of beer",2472
"Beer",2473
"Saradomin page 1",2475
"Saradomin page 2",2476
"Saradomin page 3",2477
"Saradomin page 4",2478
"Zamorak page 1",2479
"Zamorak page 2",2480
"Zamorak page 3",2481
"Zamorak page 4",2482
"Guthix page 1",2483
"Guthix page 2",2484
"Guthix page 3",2485
"Guthix page 4",2486
"Games necklace (8)",2498
"Games necklace (1)",2505
"Dragon platelegs",2642
"Mystic hat",2643
"Mystic robe top",2644
"Mystic robe bottom",2645
"Mystic gloves",2646
"Mystic boots",2647
"Mystic hat",2648
"Mystic robe top",2649
"Mystic robe bottom",2650
"Mystic gloves",2651
"Mystic boots",2652
"Mystic hat",2653
"Mystic robe top",2654
"Mystic robe bottom",2655
"Mystic gloves",2656
"Mystic boots",2657
"Bronze boots",2658
"Iron boots",2659
"Steel boots",2660
"Black boots",2661
"Mithril boots",2662
"Adamant boots",2663
"Rune boots",2664
"Abyssal whip",2683
"Granite maul",2684
"Mirror shield",2686
"Bag of salt",2690
"Rock hammer",2691
"Face mask",2692
"Earmuffs",2693
"Nose peg",2694
"Slayer's staff",2695
"Raw undead beef",2803
"Raw undead chicken",2804
"Cooked undead chicken",2805
"Cooked undead meat",2806
"H.a.m. shirt",2809
"H.a.m. robe",2810
"H.a.m. hood",2811
"H.a.m. cloak",2812
"H.a.m. logo",2813
"H.a.m. gloves",2814
"H.a.m. boots",2815
"Team-1 cape",2818
"Team-2 cape",2819
"Team-3 cape",2820
"Team-4 cape",2821
"Team-5 cape",2822
"Team-6 cape",2823
"Team-7 cape",2824
"Team-8 cape",2825
"Team-9 cape",2826
"Team-10 cape",2827
"Team-11 cape",2828
"Team-12 cape",2829
"Team-13 cape",2830
"Team-14 cape",2831
"Team-15 cape",2832
"Team-16 cape",2833
"Team-17 cape",2834
"Team-18 cape",2835
"Team-19 cape",2836
"Team-20 cape",2837
"Team-21 cape",2838
"Team-22 cape",2839
"Team-23 cape",2840
"Team-24 cape",2841
"Team-25 cape",2842
"Team-26 cape",2843
"Team-27 cape",2844
"Team-28 cape",2845
"Team-29 cape",2846
"Team-30 cape",2847
"Team-31 cape",2848
"Team-32 cape",2849
"Team-33 cape",2850
"Team-34 cape",2851
"Team-35 cape",2852
"Team-36 cape",2853
"Team-37 cape",2854
"Team-38 cape",2855
"Team-39 cape",2856
"Team-40 cape",2857
"Team-41 cape",2858
"Team-42 cape",2859
"Team-43 cape",2860
"Team-44 cape",2861
"Team-45 cape",2862
"Team-46 cape",2863
"Team-47 cape",2864
"Team-48 cape",2865
"Team-49 cape",2866
"Team-50 cape",2867
"Guthix rest (4)",2870
"Guthix rest (3)",2871
"Guthix rest (2)",2872
"Guthix rest (1)",2873
"Airtight pot",2885
"Unfired pot lid",2886
"Pot lid",2887
"Bowl of hot water",2894
"Cup of water",2895
"Cup of hot water",2896
"Giant frog legs",2940
"Oil lamp (oil)",2944
"Oil lamp (empty)",2946
"Candle lantern",2947
"Candle lantern",2948
"Oil lantern (empty)",2952
"Oil lantern (oil)",2953
"Oil lantern frame",2955
"Lantern lens",2956
"Bullseye lantern",2957
"Bullseye lantern",2958
"Bullseye lantern",2959
"Spiny helmet",2961
"Black spear",2984
"Dragon plateskirt",2987
"Dragon scimitar",2988
"Willow-blackjack",3000
"Super kebab",3008
"Bandit's brew",3024
"Ancient staff",3047
"Steam rune",3065
"Mist rune",3066
"Dust rune",3067
"Smoke rune",3068
"Mud rune",3069
"Lava rune",3070
"Ahrim's hood",3077
"Ahrim's staff",3078
"Ahrim's robe top",3079
"Ahrim's robe skirt",3080
"Dharok's helm",3081
"Dharok's greataxe",3082
"Dharok's platebody",3083
"Dharok's platelegs",3084
"Guthan's helm",3085
"Guthan's warspear",3086
"Guthan's platebody",3087
"Guthan's chainskirt",3088
"Karil's coif",3089
"Karil's crossbow",3090
"Karil's top",3091
"Karil's skirt",3092
"Bolt rack",3093
"Torag's helm",3094
"Torag's hammer",3095
"Torag's platebody",3096
"Torag's platelegs",3097
"Verac's helm",3098
"Verac's flail",3099
"Verac's brassard",3100
"Verac's plateskirt",3101
"Bronze brutal",3102
"Iron brutal",3103
"Steel brutal",3104
"Black brutal",3105
"Mithril brutal",3106
"Adamant brutal",3107
"Rune brutal",3108
"Zogre bones",3113
"Bronze nails",3119
"Iron nails",3120
"Black nails",3121
"Mithril nails",3122
"Adamantite nails",3123
"Rune nails",3124
"Unstrung comp bow",3125
"Comp ogre bow",3126
"Fayrg bones",3128
"Raurg bones",3129
"Ourg bones",3130
"Rogue's purse potion (unf)",3135
"Relicym's balm (4)",3136
"Relicym's balm (3)",3137
"Relicym's balm (2)",3138
"Relicym's balm (1)",3139
"Ogre coffin key",3140
"Ahrim's hood (broken)",3149
"Ahrim's staff (broken)",3154
"Ahrim's robe top (broken)",3159
"Ahrim's robe skirt (broken)",3164
"Dharok's helm (broken)",3169
"Dharok's platelegs (broken)",3186
"Guthan's helm (broken)",3191
"Guthan's warspear (broken)",3196
"Guthan's platebody (broken)",3201
"Guthan's chainskirt (broken)",3206
"Karil's coif (broken)",3211
"Karil's crossbow (broken)",3216
"Karil's top (broken)",3221
"Karil's skirt (broken)",3226
"Torag's helm (broken)",3231
"Torag's hammer (broken)",3236
"Torag's platebody (broken)",3241
"Torag's platelegs (broken)",3246
"Verac's helm (broken)",3251
"Verac's flail (broken)",3256
"Verac's brassard (broken)",3261
"Verac's plateskirt (broken)",3266
"Raw cave eel",3267
"Cave eel",3269
"Mining helmet",3278
"Bone spear",3279
"Bone club",3280
"Woven top",3285
"Woven top",3286
"Woven top",3287
"Shirt",3288
"Shirt",3289
"Shirt",3290
"Trousers",3291
"Trousers",3292
"Trousers",3293
"Shorts",3294
"Shorts",3295
"Shorts",3296
"Skirt",3297
"Skirt",3298
"Skirt",3299
"Marigold seed",3326
"Rosemary seed",3327
"Nasturtium seed",3328
"Woad seed",3329
"Limpwurt seed",3330
"Redberry seed",3331
"Cadavaberry seed",3332
"Dwellberry seed",3333
"Jangerberry seed",3334
"Whiteberry seed",3335
"Poison ivy seed",3336
"Cactus seed",3338
"Belladonna seed",3339
"Bittercap mushroom spore",3340
"Apple tree seed",3341
"Banana tree seed",3342
"Orange tree seed",3343
"Curry tree seed",3344
"Pineapple seed",3345
"Papaya tree seed",3346
"Palm tree seed",3347
"Calquat tree seed",3348
"Guam seed",3349
"Marrentill seed",3350
"Tarromin seed",3351
"Harralander seed",3352
"Ranarr seed",3353
"Toadflax seed",3354
"Irit seed",3355
"Avantoe seed",3356
"Kwuarm seed",3357
"Snapdragon seed",3358
"Cadantine seed",3359
"Lantadyme seed",3360
"Dwarf weed seed",3361
"Torstol seed",3362
"Barley seed",3363
"Jute seed",3364
"Hammerstone seed",3365
"Asgarnian seed",3366
"Yanillian seed",3367
"Krandorian seed",3368
"Wildblood seed",3369
"Acorn",3370
"Willow seed",3371
"Maple seed",3372
"Yew seed",3373
"Magic seed",3374
"Potato seed",3376
"Onion seed",3377
"Sweetcorn seed",3378
"Watermelon seed",3379
"Tomato seed",3380
"Strawberry seed",3381
"Cabbage seed",3382
"Gardening trowel",3383
"Secateurs",3386
"Watering can",3387
"Rake",3396
"Seed dibber",3397
"Gardening boots",3398
"Plant pot",3401
"Unfired plant pot",3402
"Plant pot",3403
"Basket",3423
"Apples (5)",3428
"Oranges (5)",3433
"Strawberries (5)",3438
"Bananas (5)",3443
"Empty sack",3444
"Potatoes (10)",3454
"Onions (10)",3464
"Cabbages (10)",3474
"Strawberry",3499
"Elemental talisman",3510
"Binding necklace",3514
"Tiara mould",3515
"Tiara",3516
"Air tiara",3517
"Mind tiara",3518
"Water tiara",3519
"Body tiara",3520
"Earth tiara",3521
"Fire tiara",3522
"Cosmic tiara",3523
"Nature tiara",3524
"Chaos tiara",3525
"Law tiara",3526
"Death tiara",3527
"Blood tiara",3528
"Initiate sallet",3550
"Initiate hauberk",3551
"Initiate cuisse",3552
"Asgarnian ale (m)",3678
"Mature wmb",3679
"Greenman's ale (m)",3680
"Dragon bitter (m)",3681
"Dwarven stout (m)",3682
"Moonlight mead (m)",3683
"Axeman's folly",3684
"Axeman's folly (m)",3685
"Chef's delight",3686
"Chef's delight (m)",3687
"Slayer's respite",3688
"Slayer's respite (m)",3689
"Cider",3690
"Mature cider",3691
"Ale yeast",3692
"Calquat keg",3693
"Dwarven stout (1)",3694
"Dwarven stout (2)",3695
"Dwarven stout (3)",3696
"Dwarven stout (4)",3697
"Asgarnian ale (1)",3698
"Asgarnian ale (2)",3699
"Asgarnian ale (3)",3700
"Asgarnian ale (4)",3701
"Greenman's ale (1)",3702
"Greenman's ale (2)",3703
"Greenman's ale (3)",3704
"Greenman's ale (4)",3705
"Mind bomb (1)",3706
"Mind bomb (2)",3707
"Mind bomb (3)",3708
"Mind bomb (4)",3709
"Dragon bitter (1)",3710
"Dragon bitter (2)",3711
"Dragon bitter (3)",3712
"Dragon bitter (4)",3713
"Moonlight mead (1)",3714
"Moonlight mead (2)",3715
"Moonlight mead (3)",3716
"Moonlight mead (4)",3717
"Axeman's folly (1)",3718
"Axeman's folly (2)",3719
"Axeman's folly (3)",3720
"Axeman's folly (4)",3721
"Chef's delight (1)",3722
"Chef's delight (2)",3723
"Chef's delight (3)",3724
"Chef's delight (4)",3725
"Slayer's respite (1)",3726
"Slayer's respite (2)",3727
"Slayer's respite (3)",3728
"Slayer's respite (4)",3729
"Cider (1)",3730
"Cider (2)",3731
"Cider (3)",3732
"Cider (4)",3733
"Dwarven stout (m1)",3734
"Dwarven stout (m2)",3735
"Dwarven stout (m3)",3736
"Dwarven stout (m4)",3737
"Asgarnian ale (m1)",3738
"Asgarnian ale (m2)",3739
"Asgarnian ale (m3)",3740
"Asgarnian ale (m4)",3741
"Greenman's ale (m1)",3742
"Greenman's ale (m2)",3743
"Greenman's ale (m3)",3744
"Greenman's ale (m4)",3745
"Mind bomb (m1)",3746
"Mind bomb (m2)",3747
"Mind bomb (m3)",3748
"Mind bomb (m4)",3749
"Dragon bitter (m1)",3750
"Dragon bitter (m2)",3751
"Dragon bitter (m3)",3752
"Dragon bitter (m4)",3753
"M'light mead (m1)",3754
"M'light mead (m2)",3755
"M'light mead (m3)",3756
"M'light mead (m4)",3757
"Axeman's folly (m1)",3758
"Axeman's folly (m2)",3759
"Axeman's folly (m3)",3760
"Axeman's folly (m4)",3761
"Chef's delight (m1)",3762
"Chef's delight (m2)",3763
"Chef's delight (m3)",3764
"Chef's delight (m4)",3765
"Slayer respite (m1)",3766
"Slayer respite (m2)",3767
"Slayer respite (m3)",3768
"Slayer respite (m4)",3769
"Cider (m1)",3770
"Cider (m2)",3771
"Cider (m3)",3772
"Cider (m4)",3773
"Jute fibre",3774
"Willow branch",3775
"Coconut milk",3776
"Antipoison+ (4)",3782
"Antipoison+ (3)",3783
"Antipoison+ (2)",3784
"Antipoison+ (1)",3785
"Antipoison++ (4)",3787
"Antipoison++ (3)",3788
"Antipoison++ (2)",3789
"Antipoison++ (1)",3790
"Tomatoes (5)",3795
"Curry leaf",3796
"Papaya fruit",3797
"Coconut",3798
"Coconut",3799
"Coconut shell",3800
"Calquat fruit",3801
"Watermelon",3802
"Watermelon slice",3803
"Sweetcorn",3804
"Cooked sweetcorn",3805
"Apple mush",3808
"Hammerstone hops",3809
"Asgarnian hops",3810
"Yanillian hops",3811
"Krandorian hops",3812
"Wildblood hops",3813
"Bittercap mushroom",3814
"Barley",3815
"Barley malt",3816
"Marigolds",3817
"Nasturtiums",3818
"Rosemary",3819
"Cactus spine",3820
"Poison ivy berries",3821
"Leaves",3822
"Leaves",3823
"Leaves",3824
"Leaves",3825
"Leaves",3826
"Leaves",3827
"Compost",3828
"Supercompost",3829
"Plant cure",3830
"Magic string",3831
"Pre-nature amulet",3833
"Oak roots",3834
"Willow roots",3835
"Maple roots",3836
"Yew roots",3837
"Magic roots",3838
"Rock-shell helm",3907
"Rock-shell plate",3908
"Rock-shell legs",3909
"Spined helm",3910
"Spined body",3911
"Spined chaps",3912
"Skeletal helm",3913
"Skeletal top",3914
"Skeletal bottoms",3915
"Spined boots",3916
"Rock-shell boots",3917
"Skeletal boots",3918
"Spined gloves",3919
"Rock-shell gloves",3920
"Skeletal gloves",3921
"Dagannoth hide",3922
"Rock-shell chunk",3923
"Rock-shell shard",3924
"Rock-shell splinter",3925
"Skull piece",3926
"Ribcage piece",3927
"Fibula piece",3928
"Circular hide",3929
"Flattened hide",3930
"Stretched hide",3931
"Teak pyre logs",3955
"Mahogany pyre logs",3956
"Broodoo shield (10)",3957
"Broodoo shield",3967
"Broodoo shield (10)",3968
"Broodoo shield",3978
"Broodoo shield (10)",3979
"Broodoo shield",3989
"Thatch spar light",3990
"Thatch spar med",3991
"Thatch spar dense",3992
"Snake hide",3993
"Snakeskin",3994
"Spider carcass",3995
"Spider on stick",3996
"Spider on shaft",3997
"Spider on stick",3998
"Spider on shaft",3999
"Skewer stick",4004
"Trading sticks",4005
"Gout tuber",4006
"Opal machete",4007
"Jade machete",4008
"Red topaz machete",4009
"Proboscis",4010
"Snakeskin body",4011
"Snakeskin chaps",4012
"Snakeskin bandana",4013
"Snakeskin boots",4014
"Snakeskin vambraces",4015
"Mahogany logs",4016
"Teak logs",4017
"Tribal mask",4018
"Tribal mask",4019
"Tribal mask",4020
"Tribal top",4021
"Villager robe",4022
"Villager hat",4023
"Villager armband",4024
"Villager sandals",4025
"Tribal top",4026
"Villager robe",4027
"Villager hat",4028
"Villager sandals",4029
"Villager armband",4030
"Tribal top",4031
"Villager robe",4032
"Villager hat",4033
"Villager sandals",4034
"Villager armband",4035
"Tribal top",4036
"Villager robe",4037
"Villager hat",4038
"Villager sandals",4039
"Villager armband",4040
"Fez",4042
"Desert top",4043
"Desert robes",4044
"Desert top",4045
"Desert legs",4046
"Menap headgear",4047
"Menaphite top",4048
"Menaphite robe",4049
"Menap action kilt",4050
"Menap headgear",4051
"Menaphite top",4052
"Menaphite robe",4053
"Menap action kilt",4054
"Oak blackjack (o)",4055
"Oak blackjack (d)",4056
"Willow blackjack (o)",4057
"Willow blackjack (d)",4058
"Maple blackjack",4059
"Maple blackjack (o)",4060
"Maple blackjack (d)",4061
"Compost potion (4)",4089
"Compost potion (3)",4090
"Compost potion (2)",4091
"Compost potion (1)",4092
"Toktz-xil-ul",4103
"Toktz-xil-ak",4104
"Toktz-ket-xil",4105
"Toktz-xil-ek",4106
"Toktz-mej-tal",4107
"Tzhaar-ket-em",4108
"Tzhaar-ket-om",4109
"Mud battlestaff",4132
"Mystic mud staff",4133
"Obsidian cape",4137
"Uncut onyx",4139
"Onyx",4140
"Onyx ring",4141
"Onyx necklace",4142
"Onyx amulet",4144
"Ring of stone",4145
"Amulet of fury",4146
"White claw",4147
"White battleaxe",4148
"White dagger",4149
"White halberd",4153
"White mace",4154
"White magic staff",4155
"White sword",4156
"White longsword",4157
"White 2h sword",4158
"White scimitar",4159
"White warhammer",4160
"White chainbody",4161
"White platebody",4162
"White boots",4163
"White helm",4164
"White full helm",4165
"White platelegs",4166
"White plateskirt",4167
"White gloves",4168
"White sq shield",4169
"White kiteshield",4170
"Fishbowl",4203
"Ground guam",4217
"Ground seaweed",4218
"Saradomin brew (4)",4219
"Saradomin brew (3)",4220
"Saradomin brew (2)",4221
"Saradomin brew (1)",4222
"Crushed nest",4223
"Pat of butter",4226
"Baked potato",4229
"Potato with butter",4230
"Potato with cheese",4231
"Seercull",4248
"Dagannoth bones",4250
"Seers' ring",4251
"Archers' ring",4252
"Warrior ring",4253
"Berserker ring",4254
"Dragon hatchet",4255
"Guthix mjolnir",4273
"Saradomin mjolnir",4274
"Zamorak mjolnir",4275
"Choc-ice",4302
"Granite legs",4316
"Wyvern bones",4319
"Fur",4320
"Mages' book",4392
"Beginner wand",4410
"Apprentice wand",4411
"Teacher wand",4412
"Master wand",4413
"Infinity top",4414
"Infinity hat",4415
"Infinity boots",4416
"Infinity gloves",4417
"Infinity bottoms",4418
"Cape",4434
"Baguette",4435
"Triangle sandwich",4436
"Roll",4437
"Square sandwich",4438
"Sandstone (1kg)",4441
"Sandstone (2kg)",4442
"Sandstone (5kg)",4443
"Sandstone (10kg)",4444
"Granite (500g)",4445
"Granite (2kg)",4446
"Granite (5kg)",4447
"Unlit bug lantern",4469
"Chilli potato",4471
"Egg potato",4472
"Mushroom potato",4473
"Tuna potato",4474
"Chilli con carne",4475
"Egg and tomato",4476
"Mushroom & onion",4477
"Tuna and corn",4478
"Minced meat",4479
"Spicy sauce",4480
"Chopped garlic",4481
"Uncooked egg",4482
"Scrambled egg",4483
"Sliced mushrooms",4484
"Fried mushrooms",4485
"Fried onions",4486
"Chopped tuna",4487
"Stripy pirate shirt",4510
"Pirate bandana",4511
"Pirate boots",4512
"Pirate leggings",4513
"Stripy pirate shirt",4518
"Pirate bandana",4519
"Pirate leggings",4520
"Stripy pirate shirt",4521
"Pirate bandana",4522
"Pirate leggings",4523
"Stripy pirate shirt",4524
"Pirate bandana",4525
"Pirate leggings",4526
"Dragon 2h sword",4541
"Insulated boots",4542
"Pie recipe book",4544
"Part mud pie",4545
"Part mud pie",4546
"Raw mud pie",4547
"Mud pie",4548
"Part garden pie",4549
"Part garden pie",4550
"Raw garden pie",4551
"Garden pie",4552
"Half a garden pie",4553
"Part fish pie",4554
"Part fish pie",4555
"Raw fish pie",4556
"Fish pie",4557
"Half a fish pie",4558
"Part admiral pie",4559
"Part admiral pie",4560
"Raw admiral pie",4561
"Admiral pie",4562
"Half an admiral pie",4563
"Part wild pie",4564
"Part wild pie",4565
"Raw wild pie",4566
"Wild pie",4567
"Half a wild pie",4568
"Part summer pie",4569
"Part summer pie",4570
"Raw summer pie",4571
"Summer pie",4572
"Half a summer pie",4573
"Roast rabbit",4575
"Skewered rabbit",4576
"Iron spit",4577
"Skewered chompy",4582
"Red boater",4667
"Orange boater",4668
"Green boater",4669
"Blue boater",4670
"Black boater",4671
"Red firelighter",4672
"Green firelighter",4673
"Blue firelighter",4674
"Black shield (h1)",4675
"Adamant shield (h1)",4676
"Rune shield (h1)",4677
"Black shield (h2)",4678
"Adamant shield (h2)",4679
"Rune shield (h2)",4680
"Black shield (h3)",4681
"Adamant shield (h3)",4682
"Rune shield (h3)",4683
"Black shield (h4)",4684
"Adamant shield (h4)",4685
"Rune shield (h4)",4686
"Black shield (h5)",4687
"Adamant shield (h5)",4688
"Rune shield (h5)",4689
"Studded body (g)",4690
"Studded body (t)",4691
"Studded chaps (g)",4692
"Studded chaps (t)",4693
"Dragonhide body (g)",4694
"Dragonhide body (t)",4695
"Dragonhide body (g)",4696
"Dragonhide body (t)",4697
"Dragonhide chaps (g)",4698
"Dragonhide chaps (t)",4699
"Dragonhide chaps (g)",4700
"Dragonhide chaps (t)",4701
"Wizard robe skirt (g)",4702
"Wizard robe skirt (t)",4703
"Wizard robe top (g)",4704
"Wizard robe top (t)",4705
"Wizard hat (g)",4706
"Wizard hat (t)",4707
"Enchanted robe",4708
"Enchanted top",4709
"Enchanted hat",4710
"Mole claw",4720
"Mole skin",4721
"Wooden spoon",4735
"Egg whisk",4736
"Spork",4737
"Spatula",4738
"Frying pan",4739
"Skewer",4740
"Rolling pin",4741
"Kitchen knife",4742
"Meat tenderiser",4743
"Cleaver",4744
"Cooked crab meat",4804
"Raw jubbly",4840
"Cooked jubbly",4841
"Silver dust",4919
"Guthix balance (unf)",4920
"Guthix balance (unf)",4921
"Guthix balance (unf)",4922
"Guthix balance (unf)",4923
"Guthix balance (4)",4924
"Guthix balance (3)",4925
"Guthix balance (2)",4926
"Guthix balance (1)",4927
"Gadderhammer",4928
"Toy soldier",4983
"Toy doll",4985
"Toy mouse",4987
"Clockwork cat",4989
"Snake hide",5018
"Field ration",5144
"Pure essence",5145
"Tortoise shell",5147
"Raw monkfish",5151
"Monkfish",5152
"Varrock teleport",5211
"Lumbridge teleport",5212
"Falador teleport",5213
"Camelot teleport",5214
"Ardougne teleport",5215
"Watchtower teleport",5216
"Teleport to house",5217
"Bones to bananas",5218
"Bones to peaches",5219
"Enchant sapphire",5220
"Enchant emerald",5221
"Enchant ruby",5222
"Enchant diamond",5223
"Enchant dragonstn.",5224
"Enchant onyx",5225
"Bagged plant 1",5628
"Crude wooden chair",5661
"Wooden chair",5662
"Rocking chair",5663
"Oak chair",5664
"Oak armchair",5665
"Teak armchair",5666
"Mahogany armchair",5667
"Wooden bookcase",5668
"Oak bookcase",5669
"Mahogany b'kcase",5670
"Beer barrel",5671
"Cider barrel",5672
"Asgarnian ale",5673
"Greenman's ale",5674
"Dragon bitter",5675
"Chef's delight",5676
"Wood kitchen table",5677
"Oak kitchen table",5678
"Teak kitchen table",5679
"Wood dining table",5687
"Oak dining table",5688
"Carved oak table",5689
"Teak table",5690
"Carved teak table",5691
"Mahogany table",5692
"Opulent table",5693
"Wooden bench",5694
"Oak bench",5695
"Carved oak bench",5696
"Teak dining bench",5697
"Carved teak bench",5698
"Mahogany bench",5699
"Gilded bench",5700
"Wooden bed",5701
"Oak bed",5702
"Large oak bed",5703
"Teak bed",5704
"Large teak bed",5705
"4-poster",5706
"Gilded 4-poster",5707
"Oak clock",5708
"Teak clock",5709
"Gilded clock",5710
"Shaving stand",5711
"Oak shaving stand",5712
"Oak dresser",5713
"Teak dresser",5714
"Fancy teak dresser",5715
"Mahogany dresser",5716
"Gilded dresser",5717
"Shoe box",5718
"Oak drawers",5719
"Oak wardrobe",5720
"Teak drawers",5721
"Teak wardrobe",5722
"Mahogany 'drobe",5723
"Gilded wardrobe",5724
"Oak plank",5802
"Teak plank",5803
"Mahogany plank",5804
"Gold leaf",5805
"Marble block",5806
"Magic stone",5807
"Bolt of cloth",5808
"Clockwork",5809
"Saw",5810
"Timber beam",5813
"Bone dagger",5843
"Dorgeshuun c'bow",5847
"Bone bolts",5848
"Black mask (10)",5854
"Black mask",5864
"Security book",5927
"Stronghold notes",5928
"Ivory comb",5948
"Golden scarab",5949
"Stone scarab",5950
"Pottery scarab",5951
"Golden statuette",5952
"Pottery statuette",5953
"Stone statuette",5954
"Gold seal",5955
"Stone seal",5956
"Pharaoh's sceptre (3)",5957
"Pharaoh's sceptre",5960
"Locust meat",5961
"Astral rune",5979
"Iron bolts",6012
"Steel bolts",6013
"Mithril bolts",6014
"Adamant bolts",6015
"Runite bolts",6016
"Silver bolts",6017
"Bronze crossbow",6018
"Iron crossbow",6020
"Steel crossbow",6021
"Mith crossbow",6022
"Adamant crossbow",6023
"Rune crossbow",6024
"Jade bolt tips",6025
"Topaz bolt tips",6026
"Sapphire bolt tips",6027
"Emerald bolt tips",6028
"Ruby bolt tips",6029
"Diamond bolt tips",6030
"Dragon bolt tips",6031
"Onyx bolt tips",6032
"Opal bolts (e)",6033
"Pearl bolts (e)",6035
"Topaz bolts (e)",6036
"Sapphire bolts (e)",6037
"Emerald bolts (e)",6038
"Ruby bolts (e)",6039
"Diamond bolts (e)",6040
"Dragon bolts (e)",6041
"Onyx bolts (e)",6042
"Topaz bolts",6065
"Sapphire bolts",6066
"Emerald bolts",6067
"Ruby bolts",6068
"Diamond bolts",6069
"Dragon bolts",6070
"Onyx bolts",6071
"Bronze bolts (unf)",6072
"Iron bolts (unf)",6074
"Steel bolts (unf)",6075
"Mithril bolts (unf)",6076
"Adamant bolts (unf)",6077
"Runite bolts (unf)",6078
"Silver bolts (unf)",6079
"Mith grapple tip",6081
"Mith grapple",6082
"Mith grapple",6083
"Bronze limbs",6084
"Iron limbs",6086
"Steel limbs",6087
"Mithril limbs",6088
"Adamantite limbs",6089
"Runite limbs",6090
"Bolt mould",6092
"Sinew",6093
"Crossbow string",6094
"Wooden stock",6095
"Oak stock",6096
"Willow stock",6097
"Teak stock",6098
"Maple stock",6099
"Mahogany stock",6100
"Yew stock",6101
"Bronze c'bow (u)",6102
"Iron c'bow (u)",6104
"Steel c'bow (u)",6105
"Mithril c'bow (u)",6106
"Adamant c'bow (u)",6107
"Runite c'bow (u)",6108
"Grand seed pod",6111
"Gnome scarf",6112
"Gnome goggles",6113
"Mint cake",6115
"Tyras helm",6215
"Vyrewatch top",6218
"Vyrewatch legs",6219
"Vyrewatch shoes",6220
"Citizen top",6221
"Citizen trousers",6222
"Citizen shoes",6223
"Pros'yte harness m",6241
"Initiate harness m",6242
"Pros'yte harness f",6243
"Proselyte sallet",6244
"Proselyte hauberk",6245
"Proselyte cuisse",6246
"Proselyte tasset",6247
"Elemental helmet",6287
"Mind shield",6288
"Mind helmet",6289
"Desert goat horn",6290
"Goat horn dust",6291
"Combat potion (4)",6292
"Combat potion (3)",6293
"Combat potion (2)",6294
"Combat potion (1)",6295
"Oak cape rack",6392
"Teak cape rack",6393
"M'gany cape rack",6394
"Gilded cape rack",6395
"Marble cape rack",6396
"Magical cape rack",6397
"Oak toy box",6398
"Teak toy box",6399
"Mahogany toy box",6400
"Oak magic wardrobe",6401
"Carved oak magic wardrobe",6402
"Teak magic wardrobe",6403
"Carved teak magic wardrobe",6404
"Mahogany magic wardrobe",6405
"Gilded magic wardrobe",6406
"Marble magic wardrobe",6407
"Oak armour case",6408
"Teak armour case",6409
"M'gany arm'r case",6410
"Oak treasure chest",6411
"Teak treas' chest",6412
"M'gany treas' chest",6413
"Oak fancy dress box",6414
"Teak fancy dress box",6415
"Mahogany fancy dress box",6416
"Raw bird meat",6487
"Roast bird meat",6488
"Skewered bird meat",6491
"Raw beast meat",6492
"Roast beast meat",6493
"Skewered beast",6496
"Spicy tomato",6497
"Spicy minced meat",6498
"Hunter potion (4)",6499
"Hunter potion (3)",6500
"Hunter potion (2)",6501
"Hunter potion (1)",6502
"Bird snare",6503
"Box trap",6504
"Butterfly net",6505
"Butterfly jar",6506
"Black warlock",6507
"Snowy knight",6508
"Sapphire glacialis",6509
"Ruby harvest",6510
"Magic box",6513
"Teasing stick",6516
"Rabbit snare",6517
"Chinchompa",6518
"Red chinchompa",6519
"Kyatt legs",6520
"Kyatt top",6521
"Kyatt hat",6522
"Larupia legs",6523
"Larupia top",6524
"Larupia hat",6525
"Graahk legs",6526
"Graahk top",6527
"Graahk headdress",6528
"Wood camo top",6529
"Wood camo legs",6530
"Jungle camo top",6531
"Jungle camo legs",6532
"Desert camo top",6533
"Desert camo legs",6534
"Polar camo top",6535
"Polar camo legs",6536
"Spotted cape",6537
"Spottier cape",6538
"Gloves of silence",6541
"Spiky vambraces",6542
"Green spiky vambraces",6543
"Blue spiky vambraces",6544
"Red spiky vambraces",6545
"Black spiky vambraces",6546
"Stripy feather",6547
"Red feather",6548
"Blue feather",6549
"Yellow feather",6550
"Orange feather",6551
"Tatty larupia fur",6553
"Larupia fur",6554
"Tatty graahk fur",6555
"Graahk fur",6556
"Tatty kyatt fur",6557
"Kyatt fur",6558
"Kebbit spike",6559
"Long kebbit spike",6560
"Kebbit teeth",6561
"Kebbit teeth dust",6562
"Kebbit claws",6563
"Dark kebbit fur",6564
"Polar kebbit fur",6565
"Feldip weasel fur",6566
"Common kebbit fur",6567
"Desert devil fur",6568
"Spotted kebbit fur",6569
"Dashing kebbit fur",6570
"Barb-tail harpoon",6571
"Strung rabbit foot",6572
"Rabbit foot",6573
"Rainbow fish",6574
"Raw rainbow fish",6575
"Guam tar",6578
"Marrentill tar",6579
"Tarromin tar",6580
"Harralander tar",6581
"Orange salamander",6582
"Red salamander",6583
"Black salamander",6584
"Swamp lizard",6585
"Noose wand",6586
"Hunters' crossbow",6587
"Kebbit bolts",6588
"Long kebbit bolts",6589
"Willow composite bow",6702
"Yew composite bow",6703
"Rune helm (h1)",6704
"Rune helm (h2)",6705
"Rune helm (h3)",6706
"Rune helm (h4)",6707
"Rune helm (h5)",6708
"Adamant helm (h1)",6709
"Adamant helm (h2)",6710
"Adamant helm (h3)",6711
"Adamant helm (h4)",6712
"Adamant helm (h5)",6713
"Black helm (h1)",6714
"Black helm (h2)",6715
"Black helm (h3)",6716
"Black helm (h4)",6717
"Black helm (h5)",6718
"Bob shirt",6719
"Bob shirt",6720
"Bob shirt",6721
"Bob shirt",6722
"Bob shirt",6723
"Purple firelighter",6724
"White firelighter",6725
"Third-age range top",6728
"Third-age range legs",6729
"Third-age range coif",6730
"Third-age vambraces",6731
"Third-age robe top",6732
"Third-age robe",6733
"Third-age mage hat",6734
"Third-age amulet",6735
"Third-age platelegs",6736
"Third-age platebody",6737
"Third-age full helmet",6738
"Third-age kiteshield",6739
"Amulet of glory (t4)",6740
"Amulet of glory (t)",6744
"Strength amulet (t)",6745
"Amulet of magic (t)",6746
"Zamorak vambraces",6747
"Zamorak body",6748
"Zamorak chaps",6749
"Zamorak coif",6750
"Guthix vambraces",6751
"Guthix body",6752
"Guthix chaps",6753
"Guthix coif",6754
"Saradomin vambraces",6755
"Saradomin body",6756
"Saradomin chaps",6757
"Saradomin coif",6758
"A powdered wig",6759
"Flared trousers",6760
"Pantaloons",6761
"Sleeping cap",6762
"Black elegant shirt",6763
"Black elegant legs",6764
"Red elegant shirt",6765
"Red elegant legs",6766
"Blue elegant shirt",6767
"Blue elegant legs",6768
"Green elegant shirt",6769
"Green elegant legs",6770
"Purple elegant shirt",6771
"Purple elegant legs",6772
"White elegant blouse",6773
"White elegant skirt",6774
"Red elegant blouse",6775
"Red elegant skirt",6776
"Blue elegant blouse",6777
"Blue elegant skirt",6778
"Green elegant blouse",6779
"Green elegant skirt",6780
"Purple elegant blouse",6781
"Purple elegant skirt",6782
"Saradomin crozier",6783
"Guthix crozier",6784
"Zamorak crozier",6785
"Saradomin cloak",6786
"Guthix cloak",6787
"Zamorak cloak",6788
"Saradomin mitre",6789
"Guthix mitre",6790
"Zamorak mitre",6791
"Saradomin robe top",6792
"Zamorak robe top",6793
"Guthix robe top",6794
"Saradomin robe legs",6795
"Guthix robe legs",6796
"Zamorak robe legs",6797
"Saradomin stole",6798
"Guthix stole",6799
"Zamorak stole",6800
"Purple sweets",6801
"Granite body",6876
"Granite helm",6893
"Arctic pyre logs",7111
"Arctic pine logs",7112
"Split log",7113
"Hair",7114
"Raw yak meat",7115
"Yak-hide",7116
"Cured yak-hide",7117
"Yak-hide armour (top)",7118
"Yak-hide armour (legs)",7119
"Fremennik round shield",7120
"Helm of neitiznot",7121
"Wooden cat",7180
"Mixture - step 1 (4)",7189
"Mixture - step 1 (3)",7190
"Mixture - step 1 (2)",7191
"Mixture - step 1 (1)",7192
"Mixture - step 2 (4)",7193
"Mixture - step 2 (3)",7194
"Mixture - step 2 (2)",7195
"Mixture - step 2 (1)",7196
"Sanfew serum (4)",7197
"Sanfew serum (3)",7198
"Sanfew serum (2)",7199
"Sanfew serum (1)",7200
"Nail beast nails",7205
"Slayer bell",7219
"Frog-leather body",7220
"Frog-leather chaps",7221
"Frog-leather boots",7222
"Light orb",7236
"Swamp weed",7240
"Cave goblin wire",7242
"Brine sabre",7295
"Ancient mace",7318
"Bracelet mould",7320
"Gold bracelet",7321
"Sapphire bracelet",7322
"Bracelet of clay",7323
"Emerald bracelet",7324
"Castle wars brace (3)",7325
"Castle wars brace (1)",7327
"Ruby bracelet",7328
"Inoculation brace",7329
"Phoenix necklace",7330
"Diamond bracelet",7331
"Forinthry brace (5)",7332
"Forinthry brace (1)",7336
"Skills necklace (4)",7337
"Skills necklace",7341
"Dragon bracelet",7342
"Combat bracelet (4)",7343
"Combat bracelet",7347
"Berserker necklace",7348
"Onyx bracelet",7349
"Regen bracelet",7350
"Hunter kit",7366
"Dwarven helmet",7399
"Shrunk ogleroot",7403
"Dragon arrow",7406
"Dragon fire arrows",7407
"Dragon fire arrows",7408
"Dragon dart",7412
"Dragon dart tip",7414
"Dark bow",7417
"Dragon arrowheads",7418
"Baby impling jar",7419
"Young impling jar",7420
"Gourmet impling jar",7421
"Earth impling jar",7422
"Essence impling jar",7423
"Eclectic impling jar",7424
"Nature impling jar",7425
"Magpie impling jar",7426
"Ninja impling jar",7427
"Dragon impling jar",7428
"Impling jar",7431
"Imp repellent",7432
"Anchovy oil",7433
"Anchovy paste",7434
"Dragonfire shield",7447
"Draconic visage",7448
"Roe",7450
"Caviar",7451
"Leaping trout",7452
"Leaping salmon",7453
"Leaping sturgeon",7454
"Fish offcuts",7455
"Dragon full helm",7456
"Bronze hasta",7487
"Iron hasta",7488
"Steel hasta",7489
"Mithril hasta",7490
"Adamant hasta",7491
"Rune hasta",7492
"Attack mix (2)",7519
"Attack mix (1)",7520
"Antipoison mix (2)",7521
"Antipoison mix (1)",7522
"Relicym's mix (2)",7523
"Relicym's mix (1)",7524
"Strength mix (1)",7525
"Strength mix (2)",7526
"Combat mix (2)",7527
"Combat mix (1)",7528
"Restore mix (2)",7529
"Restore mix (1)",7530
"Energy mix (2)",7531
"Energy mix (1)",7532
"Defence mix (2)",7533
"Defence mix (1)",7534
"Agility mix (2)",7535
"Agility mix (1)",7536
"Prayer mix (2)",7537
"Prayer mix (1)",7538
"Super attack mix (2)",7539
"Super attack mix (1)",7540
"Anti-p supermix (2)",7541
"Anti-p supermix (1)",7542
"Fishing mix (2)",7543
"Fishing mix (1)",7544
"Super energy mix (2)",7545
"Super energy mix (1)",7546
"Super strength mix (2)",7547
"Super strength mix (1)",7548
"Magic essence mix (2)",7549
"Magic essence mix (1)",7550
"Super restore mix (2)",7551
"Super restore mix (1)",7552
"Super defence mix (2)",7553
"Super defence mix (1)",7554
"Antidote+ mix (2)",7555
"Antidote+ mix (1)",7556
"Antifire mix (2)",7557
"Antifire mix (1)",7558
"Super ranging mix (2)",7559
"Super ranging mix (1)",7560
"Super magic mix (2)",7561
"Super magic mix (1)",7562
"Hunting mix (2)",7563
"Hunting mix (1)",7564
"Zamorak mix (2)",7565
"Zamorak mix (1)",7566
"Wimpy feather",7567
"Glassblowing book",7569
"Godsword shards",7590
"Godsword shards",7591
"Godsword blade",7592
"Godsword shards",7593
"Armadyl godsword",7594
"Bandos godsword",7595
"Saradomin godsword",7596
"Zamorak godsword",7597
"Armadyl hilt",7598
"Bandos hilt",7599
"Saradomin hilt",7600
"Zamorak hilt",7601
"Godsword shard 1",7602
"Godsword shard 2",7603
"Godsword shard 3",7604
"Zamorakian spear",7605
"Armadyl helmet",7606
"Armadyl chestplate",7607
"Armadyl chainskirt",7608
"Bandos chestplate",7609
"Bandos tassets",7610
"Bandos boots",7611
"Saradomin sword",7612
"Dragon boots",7613
"Steam battlestaff",7616
"Mystic steam staff",7617
"Bronze armour set (lg)",7684
"Bronze armour set (sk)",7685
"Iron armour set (lg)",7686
"Iron armour set (sk)",7687
"Steel armour set (lg)",7688
"Steel armour set (sk)",7689
"Black armour set (lg)",7690
"Black armour set (sk)",7691
"Mithril armour set (lg)",7692
"Mithril armour set (sk)",7693
"Adamant armour set (lg)",7694
"Adamant armour set (sk)",7695
"Rune armour set (lg)",7696
"Rune armour set (sk)",7697
"Dragon chain armour set (lg)",7698
"Dragon chain armour set (sk)",7699
"Barrows - Ahrim's set",7700
"Barrows - Dharok's set",7701
"Barrows - Guthan's set",7702
"Barrows - Karil's set",7703
"Barrows - Torag's set",7704
"Barrows - Verac's set",7705
"Green dragonhide set",7709
"Blue dragonhide set",7710
"Red dragonhide set",7711
"Black dragonhide set",7712
"Mystic robes set",7713
"Infinity robes set",7714
"Splitbark armour set",7715
"Rock-shell armour set",7748
"Spined armour set",7749
"Skeletal armour set",7750
"Light mystic robes set",7762
"Dark mystic robes set",7763
"Dwarf cannon set",7767
"Spirit terrorbird pouch",7806
"Granite crab pouch",7807
"Praying mantis pouch",7808
"Giant ent pouch",7809
"Spirit cobra pouch",7810
"Spirit dagannoth pouch",7811
"Thorny snail pouch",7812
"Beaver pouch",7813
"Karam. overlord pouch",7814
"Hydra pouch",7815
"Spirit jelly pouch",7816
"Bunyip pouch",7817
"War tortoise pouch",7818
"Fruit bat pouch",7819
"Abyssal parasite pouch",7820
"Abyssal lurker pouch",7821
"Unicorn stallion pouch",7822
"Magpie pouch",7823
"Dreadfowl pouch",7824
"Stranger plant pouch",7825
"Spirit wolf pouch",7826
"Desert wyrm pouch",7827
"Evil turnip pouch",7828
"Vampyre bat pouch",7829
"Spirit scorpion pouch",7830
"Arctic bear pouch",7831
"Spirit spider pouch",7832
"Bloated leech pouch",7833
"Spirit kalphite pouch",7834
"Honey badger pouch",7835
"Albino rat pouch",7836
"Granite lobster pouch",7837
"Macaw pouch",7838
"Bronze minotaur pouch",7839
"Iron minotaur pouch",7840
"Steel minotaur pouch",7841
"Mithril minotaur pouch",7842
"Adamant minotaur pouch",7843
"Rune minotaur pouch",7844
"Smoke devil pouch",7845
"Bull ant pouch",7846
"Wolpertinger pouch",7847
"Compost mound pouch",7848
"Pack yak pouch",7849
"Sp. cockatrice pouch",7850
"Sp. guthatrice pouch",7851
"Sp. saratrice pouch",7852
"Sp. zamatrice pouch",7853
"Sp. pengatrice pouch",7854
"Sp. coraxatrice pouch",7855
"Sp. vulatrice pouch",7856
"Cockatrice egg",7857
"Guthatrice egg",7858
"Saratrice egg",7859
"Zamatrice egg",7860
"Pengatrice egg",7861
"Coraxatrice egg",7862
"Vulatrice egg",7863
"Barker toad pouch",7864
"Flies",7865
"Beetle bits",7866
"Ground fishing bait",7867
"Nuts",7868
"Evil turnip",7869
"2/3 evil turnip",7870
"1/3 evil turnip",7871
"Summoning potion (4)",7872
"Summoning potion (3)",7873
"Summoning potion (2)",7874
"Summoning potion (1)",7875
"Evil turnip seed",7876
"Carved evil turnip",7877
"Pouch",7878
"Honeycomb",7879
"Clean spirit weed",7894
"Grimy spirit weed",7895
"Spirit weed seed",7896
"Spirit weed potion (unf)",7897
"Spirit shards",7898
"Antlers",7918
"Lizard skull",7920
"Feather headdress",7922
"Feather headdress",7924
"Feather headdress",7926
"Feather headdress",7928
"Feather headdress",7930
"Herbcall scroll",8065
"Fruitfall scroll",8066
"Fish rain scroll",8067
"Howl scroll",8068
"Thieving fingers scroll",8069
"Abyssal stealth scroll",8070
"Egg spawn scroll",8071
"Multichop scroll",8072
"Cheese feast scroll",8073
"Unburden scroll",8074
"Venom shot scroll",8075
"Insane ferocity scroll",8076
"Healing aura scroll",8077
"Winter storage scroll",8078
"Oph. incubation scroll",8079
"Magic focus scroll",8080
"Swallow whole scroll",8081
"Testudo scroll",8082
"Generate compost scroll",8083
"Tireless run scroll",8084
"Regrowth scroll",8085
"Call to arms scroll",8086
"Blood drain scroll",8087
"Dreadfowl strike scroll",8088
"Sandstorm scroll",8089
"Vampyre touch scroll",8090
"Evil flames scroll",8091
"Crushing claw scroll",8092
"Mantis strike scroll",8093
"Arctic blast scroll",8094
"Toad bark scroll",8095
"Dissolve scroll",8096
"Abyssal drain scroll",8097
"Doomsphere scroll",8098
"Spike shot scroll",8099
"Acorn missile scroll",8100
"Petrifying gaze scroll",8101
"Slime spray scroll",8102
"Electric lash scroll",8103
"Bronze bull rush scroll",8104
"Iron bull rush scroll",8105
"Steel bull rush scroll",8106
"Mith bull rush scroll",8107
"Addy bull rush scroll",8108
"Rune bull rush scroll",8109
"Poisonous blast scroll",8110
"Dust cloud scroll",8111
"Ibis pouch",8174
"Stony shell scroll",8175
"Raw pawya meat",8176
"Grenwall spikes",8178
"Ogre wig",8193
"Ogre kilt",8194
"Ogre top",8195
"Ogre boots",8196
"Diseased kebbit fur",8197
"Davy kebbit hat",8198
"Ogre club",8199
"Lavender",8200
"Fever grass",8201
"Tansymum",8202
"Eucalyptus logs",8206
"Eucalyptus pyre logs",8207
"Primweed",8208
"Stinkbloom",8209
"Amulet of farming (1)",8225
"Amulet of farming (8)",8232
"Swamp titan pouch",8385
"Spirit mosquito pouch",8386
"Void spinner pouch",8387
"Forge regent pouch",8388
"Spirit larupia pouch",8389
"Geyser titan pouch",8390
"Lava titan pouch",8391
"Steel titan pouch",8392
"Obsidian golem pouch",8393
"Talon beast pouch",8394
"Abyssal titan pouch",8395
"Void torcher pouch",8396
"Giant chinchompa pouch",8397
"Fire titan pouch",8398
"Moss titan pouch",8399
"Ice titan pouch",8400
"Spirit tz-kih pouch",8401
"Spirit graahk pouch",8402
"Spirit kyatt pouch",8403
"Void shifter pouch",8404
"Pyrelord pouch",8405
"Void ravager pouch",8406
"Ravenous locust pouch",8407
"Iron titan pouch",8408
"Titan's con. scroll",8409
"Steel of legends scroll",8410
"Volcanic str. scroll",8411
"Essence shipment scroll",8412
"Iron within scroll",8413
"Immense heat scroll",8414
"Famine scroll",8415
"Deadly claw scroll",8416
"Swamp plague scroll",8417
"Boil scroll",8418
"Explode scroll",8419
"Goad scroll",8420
"Ambush scroll",8421
"Ebon thunder scroll",8422
"Pester scroll",8423
"Fireball assault scroll",8424
"Rending scroll",8425
"Inferno scroll",8426
"Battle hood 0",8455
"Battle robe top 0",8461
"Battle robe bottom 0",8467
"Druidic mage hood 0",8473
"Druidic mage top 0",8479
"Druidic mage bottom 0",8485
"Adamant spikeshield 0",8491
"Adamant berserker shield 0",8497
"Rune spikeshield 0",8503
"Rune berserker shield 0",8509
"Green d'hide coif",8510
"Blue d'hide coif",8516
"Red d'hide coif",8522
"Black d'hide coif",8528
"Combat hood 0",8539
"Combat robe top 0",8545
"Combat robe bottom 0",8551
"Bronze gauntlets",8552
"Iron gauntlets",8554
"Steel gauntlets",8556
"Black gauntlets",8558
"Mithril gauntlets",8560
"Adamant gauntlets",8562
"Rune gauntlets",8564
"Dragon gauntlets",8566
"Black crossbow",8639
"Black bolts",8640
"Black cane",8644
"Adamant cane",8645
"Rune cane",8646
"Top hat",8647
"Pith helmet",8648
"Spiked helmet",8649
"Sheep mask",8650
"Penguin mask",8651
"Bat mask",8652
"Cat mask",8653
"Wolf mask",8654
"Broad arrowheads",8755
"Unfinished broad bolts",8756
"Broad-tipped bolts",8757
"Leaf-bladed sword",8766
"Pirate impling jar",8811
"Left eyepatch",8828
"Stripy pirate shirt",8830
"Stripy pirate shirt",8831
"Stripy pirate shirt",8832
"Pirate leggings",8833
"Pirate leggings",8834
"Pirate leggings",8835
"Bandana",8836
"Bandana",8837
"Bandana",8838
"Crayfish cage",8893
"Crayfish",8894
"Raw crayfish",8895
"Button mushroom",9019
"Spirit shield",9175
"Blessed spirit shield",9176
"Arcane spirit shield",9177
"Divine spirit shield",9178
"Elysian spirit shield",9179
"Spectral spirit shield",9180
"Arcane sigil",9181
"Divine sigil",9182
"Elysian sigil",9183
"Spectral sigil",9184
"Holy elixir",9185
"Zuriel's robe top",9283
"Zuriel's robe bottom",9285
"Zuriel's hood",9287
"Zuriel's staff",9289
"Morrigan's leather body",9291
"Morrigan's leather chaps",9293
"Morrigan's coif",9295
"Morrigan's javelin",9297
"Morrigan's throwing axe",9301
"Statius's platebody",9302
"Vesta's chainbody",9304
"Statius's platelegs",9306
"Vesta's plateskirt",9308
"Statius's full helm",9310
"Vesta's longsword",9312
"Statius's warhammer",9314
"Vesta's spear",9316
"Corrupt statius's platebody",9318
"Corrupt vesta's chainbody",9320
"Corrupt statius's platelegs",9322
"Corrupt vesta's plateskirt",9324
"Corrupt statius's full helm",9326
"Corrupt vesta's longsword",9328
"Corrupt statius's warhammer",9330
"Corrupt vesta's spear",9332
"Corrupt zuriel's robe top",9334
"Corrupt zuriel's robe bottom",9336
"Corrupt zuriel's hood",9338
"Corrupt zuriel's staff",9340
"Corrupt morrigan's leather body",9342
"Corrupt morrigan's leather chaps",9344
"Corrupt morrigan's coif",9346
"Corrupt morrigan's javelin",9348
"C. morrigan's throwing axe",9352
"Corrupt dragon chainbody",9353
"Corrupt dragon helm",9355
"Corrupt dragon sq shield",9357
"Corrupt dragon plateskirt",9359
"Corrupt dragon platelegs",9361
"Corrupt dragon battleaxe",9363
"Corrupt dragon dagger",9365
"Corrupt dragon scimitar",9367
"Corrupt dragon longsword",9369
"Corrupt dragon mace",9371
"Corrupt dragon spear",9373
"Ruined dragon armour lump",9611
"Ruined dragon armour slice",9612
"Ruined dragon armour shard",9613
"Dragon platebody",9615
"Dragon claw",9617
"Elite black platelegs",9622
"Elite black platebody",9623
"Elite black full helm",9624
"Dagon'hai robe top",9626
"Dagon'hai hat",9627
"Dagon'hai robe bottom",9628
"Dagon'hai robes set",9649
"Elite black armour set",9650
"Dragon plate armour set (lg)",9651
"Dragon plate armour set (sk)",9652
"Phoenix quill",9706
"Rise from the ashes scroll",9708
"Phoenix pouch",9709
"Doughnut",9749
"Granite mace",9762
"Ourg bones",9848
"Grimy wergali",9888
"Crafting potion (4)",9889
"Crafting potion (3)",9890
"Crafting potion (2)",9891
"Crafting potion (1)",9892
"Fletching potion (4)",9893
"Fletching potion (3)",9894
"Fletching potion (2)",9895
"Fletching potion (1)",9896
"Clean wergali",9897
"Wergali potion (unf)",9898
"Empty seaweed net",9900
"Wergali seed",9911
"Ranger's aid",10093
"Ranger's aid (m)",10094
"Skewered kebab",10095
"Amulet of ranging",10097
"Hand cannon",10209
"Hand cannon shot",10210
"Dragon pickaxe",10223
"Living minerals",10226
"Raw cavefish",10227
"Cavefish",10228
"Raw rocktail",10231
"Rocktail",10232
"Barbarian assault ticket - wave 2",10418
"Barbarian assault ticket - wave 3",10419
"Barbarian assault ticket - wave 4",10420
"Barbarian assault ticket - wave 5",10421
"Barbarian assault ticket - wave 6",10422
"Barbarian assault ticket - wave 7",10423
"Barbarian assault ticket - wave 8",10424
"Barbarian assault ticket - wave 9",10425
"Barbarian assault ticket - wave 10",10426
"Staff of light",10439
"Hexcrest",10440
"Focus sight",10441
"Royal shirt",10450
"Royal leggings",10451
"Royal sceptre",10452
"Royal crown",10453
"Royal amulet",10454
"Spirit impling jar",10455
"Zombie impling jar",10456
"Kingly impling jar",10457
"Body shield",12474
"Body helmet",12475
"Body body",12476
"Mind body",12477
"Elemental body",12478
"Frost dragon bones",12597
"Saradomin bow",12882
"Guthix bow",12884
"Zamorak bow",12886
"Saradomin arrows",12888
"Guthix arrows",12889
"Zamorak arrows",12890
"Black platebody (h1)",12891
"Black platelegs (h1)",12892
"Black plateskirt (h1)",12893
"Adamant platebody (h1)",12894
"Adamant platelegs (h1)",12895
"Adamant plateskirt (h1)",12896
"Rune platebody (h1)",12897
"Rune platelegs (h1)",12899
"Rune plateskirt (h1)",12901
"Black platebody (h2)",12903
"Black platelegs (h2)",12904
"Black plateskirt (h2)",12905
"Adamant platebody (h2)",12906
"Adamant platelegs (h2)",12907
"Adamant plateskirt (h2)",12908
"Rune platebody (h2)",12909
"Rune platelegs (h2)",12911
"Rune plateskirt (h2)",12913
"Black platebody (h3)",12915
"Black platelegs (h3)",12916
"Black plateskirt (h3)",12917
"Adamant platebody (h3)",12918
"Adamant platelegs (h3)",12919
"Adamant plateskirt (h3)",12920
"Rune platebody (h3)",12921
"Rune platelegs (h3)",12923
"Rune plateskirt (h3)",12925
"Black platebody (h4)",12927
"Black platelegs (h4)",12928
"Black plateskirt (h4)",12929
"Adamant platebody (h4)",12930
"Adamant platelegs (h4)",12931
"Adamant plateskirt (h4)",12932
"Rune platebody (h4)",12933
"Rune platelegs (h4)",12935
"Rune plateskirt (h4)",12937
"Black platebody (h5)",12939
"Black platelegs (h5)",12940
"Black plateskirt (h5)",12941
"Adamant platebody (h5)",12942
"Adamant platelegs (h5)",12943
"Adamant plateskirt (h5)",12944
"Rune platebody (h5)",12945
"Rune platelegs (h5)",12947
"Rune plateskirt (h5)",12949
"Fox mask",12951
"White unicorn mask",12953
"Black unicorn mask",12955
"Green dragon mask",12957
"Blue dragon mask",12959
"Red dragon mask",12961
"Black dragon mask",12963
"Frost dragon mask",12965
"Bronze dragon mask",12967
"Iron dragon mask",12969
"Steel dragon mask",12971
"Mithril dragon mask",12973
"Third-age druidic staff",12975
"Third-age druidic cloak",12977
"Third-age druidic wreath",12979
"Third-age druidic robe top",12981
"Third-age druidic robe",12983
"Dragon staff",12985
"Penguin staff",12986
"Bat staff",12987
"Wolf staff",12988
"Cat staff",12989
"Fury ornament kit",12990
"Dragon full helm ornament kit (or)",13002
"Dragon platelegs/skirt ornament kit (or)",13003
"Dragon platebody ornament kit (or)",13004
"Dragon sq shield ornament kit (or)",13005
"Dragon full helm ornament kit (sp)",13006
"Dragon platelegs/skirt ornament kit (sp)",13007
"Dragon platebody ornament kit (sp)",13008
"Dragon sq shield ornament kit (sp)",13009
"Armadyl crozier",13010
"Bandos crozier",13011
"Ancient crozier",13012
"Armadyl cloak",13013
"Bandos cloak",13014
"Ancient cloak",13015
"Armadyl mitre",13016
"Bandos mitre",13017
"Ancient mitre",13018
"Armadyl robe top",13019
"Ancient robe top",13020
"Bandos robe top",13021
"Armadyl robe legs",13022
"Bandos robe legs",13023
"Ancient robe legs",13024
"Armadyl stole",13025
"Bandos stole",13026
"Ancient stole",13027
"Ancient platebody",13028
"Ancient platelegs",13030
"Ancient plateskirt",13032
"Ancient full helm",13034
"Ancient kiteshield",13036
"Armadyl platebody",13038
"Armadyl platelegs",13040
"Armadyl plateskirt",13042
"Armadyl full helm",13044
"Armadyl kiteshield",13046
"Bandos platebody",13048
"Bandos platelegs",13050
"Bandos plateskirt",13052
"Bandos full helm",13054
"Bandos kiteshield",13056
"Ancient vambraces",13058
"Ancient body",13059
"Ancient chaps",13060
"Ancient coif",13061
"Bandos vambraces",13062
"Bandos body",13063
"Bandos chaps",13064
"Bandos coif",13065
"Armadyl vambraces",13066
"Armadyl body",13067
"Armadyl chaps",13068
"Armadyl coif",13069
"Pollnivneach Teleport",13071
"Bandit Camp Teleport",13072
"Miscellania Teleport",13073
"Phoenix Lair Teleport",13074
"Tai Bwo Wannai Teleport",13075
"Lumber Yard Teleport",13076
"Bandos page 1",13156
"Bandos page 2",13157
"Bandos page 3",13158
"Bandos page 4",13159
"Armadyl page 1",13160
"Armadyl page 2",13161
"Armadyl page 3",13162
"Armadyl page 4",13163
"Ancient page 1",13164
"Ancient page 2",13165
"Ancient page 3",13166
"Ancient page 4",13167
"Fetch casket scroll",13174
"Meerkats pouch",13175
"Chargebow",13356
"Red blossom seed",13420
"Blue blossom seed",13421
"Green blossom seed",13422
"Marasamaw plant",13432
"Juju teleport spiritbag",13433
"Juju vial of water",13459
"Juju vial",13460
"Erzille potion (unf)",13461
"Ugune potion (unf)",13462
"Argway potion (unf)",13463
"Shengo potion (unf)",13464
"Samaden potion (unf)",13465
"Juju mining potion (4)",13466
"Juju mining potion (3)",13467
"Juju mining potion (2)",13468
"Juju mining potion (1)",13469
"Juju cooking potion (4)",13470
"Juju cooking potion (3)",13471
"Juju cooking potion (2)",13472
"Juju cooking potion (1)",13473
"Juju farming potion (4)",13474
"Juju farming potion (3)",13475
"Juju farming potion (2)",13476
"Juju farming potion (1)",13477
"Juju woodcutting potion (4)",13478
"Juju woodcutting potion (3)",13479
"Juju woodcutting potion (2)",13480
"Juju woodcutting potion (1)",13481
"Juju fishing potion (4)",13482
"Juju fishing potion (3)",13483
"Juju fishing potion (2)",13484
"Juju fishing potion (1)",13485
"Juju hunter potion (4)",13486
"Juju hunter potion (3)",13487
"Juju hunter potion (2)",13488
"Juju hunter potion (1)",13489
"Scentless potion (4)",13490
"Scentless potion (3)",13491
"Scentless potion (2)",13492
"Scentless potion (1)",13493
"Saradomin's blessing (4)",13494
"Saradomin's blessing (3)",13495
"Saradomin's blessing (2)",13496
"Saradomin's blessing (1)",13497
"Guthix's gift (4)",13498
"Guthix's gift (3)",13499
"Guthix's gift (2)",13500
"Guthix's gift (1)",13501
"Zamorak's favour (4)",13502
"Zamorak's favour (3)",13503
"Zamorak's favour (2)",13504
"Zamorak's favour (1)",13505
"Clay ring (unfired)",13514
"Clay ring",13515
"Cyclopean helmet",13530
"Ancient ceremonial mask",13576
"Ancient ceremonial top",13577
"Ancient ceremonial legs",13578
"Ancient ceremonial gloves",13579
"Ancient ceremonial boots",13580
"Torva full helm",13581
"Torva platebody",13584
"Torva platelegs",13587
"Pernix cowl",13590
"Pernix body",13593
"Pernix chaps",13596
"Virtus mask",13599
"Virtus robe top",13602
"Virtus robe legs",13605
"Zaryte bow",13608
"Impious ashes",13675
"Accursed ashes",13676
"Infernal ashes",13677
"Cracked smelting urn (nr)",13680
"Fragile smelting urn (nr)",13685
"Smelting urn (nr)",13690
"Strong smelting urn (nr)",13695
"Cracked woodcutting urn (nr)",13700
"Fragile woodcutting urn (nr)",13705
"Woodcutting urn (nr)",13710
"Strong woodcutting urn (nr)",13715
"Cracked fishing urn (nr)",13720
"Fragile fishing urn (nr)",13725
"Fishing urn (nr)",13730
"Strong fishing urn (nr)",13735
"Decorated fishing urn (nr)",13740
"Cracked cooking urn (nr)",13745
"Fragile cooking urn (nr)",13750
"Cooking urn (nr)",13755
"Strong cooking urn (nr)",13760
"Decorated cooking urn (nr)",13765
"Cracked mining urn (nr)",13770
"Fragile mining urn (nr)",13775
"Mining urn (nr)",13780
"Strong mining urn (nr)",13785
"Decorated mining urn (nr)",13790
"Impious urn (nr)",13795
"Accursed urn (nr)",13800
"Infernal urn (nr)",13805
"Cosmic shield",13817
"Chaos shield",13818
"Cosmic helmet",13819
"Chaos helmet",13820
"Cosmic body",13821
"Chaos body",13822
"Elemental boots",13823
"Mind boots",13824
"Body boots",13825
"Cosmic boots",13826
"Chaos boots",13827
"Elemental gloves",13828
"Mind gloves",13829
"Body gloves",13830
"Cosmic gloves",13831
"Chaos gloves",13832
"Ring of wealth (4)",14021
"Jewelled golden statuette",14022
"Vecna skull",14023
"Brackish blade",14025
"Mutated vine",14679
"Sagaie",14681
"Bolas",14682
"Whip vine",14683
"Morchella mushroom spore",14915
"Fellstalk seed",14916
"Morchella mushroom",14917
"Clean fellstalk",14918
"Grimy fellstalk",14919
"Fellstalk potion (unf)",14920
"Prayer renewal (4)",14921
"Prayer renewal (3)",14922
"Prayer renewal (2)",14923
"Prayer renewal (1)",14924
"Akrisae's hood",14957
"Akrisae's hood (broken)",14962
"Akrisae's war mace",14963
"Akrisae's war mace (broken)",14968
"Akrisae's robe top",14969
"Akrisae's robe top (broken)",14974
"Akrisae's robe skirt",14975
"Akrisae's robe skirt (broken)",14980
"Barrows - Akrisae's set",14981
"Armadyl rune",14985
"Dust of Armadyl",14986
"Armadyl battlestaff",14989
"Steadfast boots",14999
"Glaiven boots",15001
"Ragefire boots",15003
"Gorajian mushroom",15597
"Polypore spore",15598
"Fungal flake",15599
"Grifolic flake",15600
"Ganodermic flake",15601
"Mycelium visor web",15602
"Mycelium leggings web",15603
"Mycelium poncho web",15604
"Fungal visor",15605
"Fungal leggings",15608
"Fungal poncho",15611
"Grifolic visor",15614
"Grifolic leggings",15617
"Grifolic poncho",15620
"Ganodermic visor",15623
"Ganodermic leggings",15626
"Ganodermic poncho",15629
"Polypore staff",15632
"Polypore stick",15635
"Bladestorm drape",16169
"Arrowstorm drape",16170
"Spellstorm drape",16171
"Raw wolf meat",16172
"Poorly-cooked bird meat",16173
"Poorly-cooked beast meat",16174
"Rabbit sandwich",16176
"Initiate tasset",16227
"Initiate harness f",16229
"Juju mining flask (6)",16230
"Juju cooking flask (6)",16236
"Juju farming flask (6)",16242
"Juju woodcutting flask (6)",16248
"Juju fishing flask (6)",16254
"Juju hunter flask (6)",16260
"Scentless flask (6)",16266
"Saradomin's blessing flask (6)",16272
"Guthix's gift flask (6)",16278
"Zamorak's favour flask (6)",16284
"Potion flask",16290
"Attack flask (6)",16293
"Strength flask (6)",16299
"Restore flask (6)",16305
"Defence flask (6)",16311
"Prayer flask (6)",16317
"Super attack flask (6)",16323
"Fishing flask (6)",16329
"Super strength flask (6)",16335
"Super defence flask (6)",16341
"Super ranging flask (6)",16347
"Antipoison flask (6)",16353
"Super antipoison flask (6)",16359
"Zamorak brew flask (6)",16365
"Saradomin brew flask (6)",16371
"Antifire flask (6)",16377
"Energy flask (6)",16383
"Super energy flask (6)",16389
"Super restore flask (6)",16395
"Agility flask (6)",16401
"Super magic flask (6)",16407
"Hunter flask (6)",16413
"Combat flask (6)",16419
"Crafting flask (6)",16425
"Fletching flask (6)",16431
"Relicym's balm flask (6)",16491
"Guthix balance flask (6)",16503
"Sanfew serum flask (6)",16509
"Antipoison+ flask (6)",16515
"Antipoison++ flask (6)",16521
"Prayer renewal flask (6)",16533
"Summoning flask (6)",16539
"Bakriminel bolts",17015
"Royal cape",17189
"Royal bolts",17209
"Royal bolt stabiliser",17213
"Royal frame",17214
"Royal sight",17215
"Royal torsion spring",17216
"Dragonbone upgrade kit",17217
"Dragon kiteshield",17229
"Royal dragonhide",17235
"Royal dragon leather",17236
"Royal d'hide vambraces",17237
"Royal d'hide chaps",17239
"Royal d'hide body",17241
"Royal dragonhide set",17244
"Royal d'hide coif",17246
"Fish mask",17275
"Hood of subjugation",17796
"Garb of subjugation",17798
"Gown of subjugation",17800
"Ward of subjugation",17802
"Boots of subjugation",17804
"Gloves of subjugation",17806
"Armadyl boots",17808
"Armadyl buckler",17810
"Armadyl gloves",17812
"Bandos warshield",17814
"Bandos helmet",17816
"Bandos gloves",17818
"Saradomin's whisper",17820
"Saradomin's hiss",17822
"Saradomin's murmur",17824
"Armadyl crossbow",17826
"Pernix gloves",17845
"Torva gloves",17846
"Virtus gloves",17847
"Torva boots",17848
"Virtus boots",17849
"Pernix boots",17850
"Dragon kite ornament kit (or)",18091
"Dragon kite ornament kit (sp)",18092
"Dragon rider boots",18093
"Dragon rider gloves",18094
"Dragon c'bow (u)",18241
"Dragon limbs",18243
"Magic stock",18244
"Weapon poison (4)",18245
"Weapon poison (3)",18246
"Weapon poison (2)",18247
"Weapon poison (1)",18248
"Weapon poison+ (4)",18249
"Weapon poison+ (3)",18250
"Weapon poison+ (2)",18251
"Weapon poison+ (1)",18252
"Weapon poison++ (4)",18253
"Weapon poison++ (3)",18254
"Weapon poison++ (2)",18255
"Weapon poison++ (1)",18256
"Weapon poison flask (6)",18257
"Weapon poison flask (5)",18258
"Weapon poison flask (4)",18259
"Weapon poison flask (3)",18260
"Weapon poison flask (2)",18261
"Weapon poison flask (1)",18262
"Weapon poison+ flask (6)",18263
"Weapon poison+ flask (5)",18264
"Weapon poison+ flask (4)",18265
"Weapon poison+ flask (3)",18266
"Weapon poison+ flask (2)",18267
"Weapon poison+ flask (1)",18268
"Weapon poison++ flask (6)",18269
"Weapon poison++ flask (5)",18270
"Weapon poison++ flask (4)",18271
"Weapon poison++ flask (3)",18272
"Weapon poison++ flask (2)",18273
"Weapon poison++ flask (1)",18274
"Imphide",18275
"Spider silk",18276
"Batwing",18277
"Carapace",18278
"Royal spiky vambraces",18279
"Off-hand dragon claw",18280
"Dragonfire ward",18283
"Dragonfire deflector",18285
"Off-hand leaf-bladed sword",18286
"Grifolic wand",18359
"Splitbark wand",18360
"Imp horn wand",18361
"Mystic wand",18362
"Wizard wand",18363
"Bat wand",18364
"Spider wand",18365
"Ahrim's wand",18366
"Virtus wand",18367
"Wizard's book",18368
"Spider orb",18369
"Bat book",18370
"Imphide book",18371
"Virtus book",18372
"Grifolic orb",18373
"Mystic orb",18374
"Splitbark orb",18375
"Ahrim's book of magic",18376
"Off-hand bronze mace",18377
"Off-hand iron mace",18378
"Off-hand steel mace",18379
"Off-hand black mace",18380
"Off-hand mithril mace",18381
"Off-hand adamant mace",18382
"Off-hand rune mace",18383
"Off-hand dragon mace",18385
"Off-hand bronze dagger",18387
"Off-hand iron dagger",18388
"Off-hand steel dagger",18389
"Off-hand black dagger",18390
"Off-hand mithril dagger",18391
"Off-hand adamant dagger",18392
"Off-hand rune dagger",18393
"Off-hand dragon dagger",18395
"Off-hand bronze sword",18397
"Off-hand iron sword",18398
"Off-hand steel sword",18399
"Off-hand black sword",18400
"Off-hand mithril sword",18401
"Off-hand adamant sword",18402
"Off-hand rune sword",18403
"Off-hand bronze longsword",18405
"Off-hand iron longsword",18406
"Off-hand steel longsword",18407
"Off-hand black longsword",18408
"Off-hand mithril longsword",18409
"Off-hand adamant longsword",18410
"Off-hand rune longsword",18411
"Off-hand dragon longsword",18413
"Off-hand bronze scimitar",18415
"Off-hand iron scimitar",18416
"Off-hand steel scimitar",18417
"Off-hand black scimitar",18418
"Off-hand mithril scimitar",18419
"Off-hand adamant scimitar",18420
"Off-hand rune scimitar",18421
"Off-hand dragon scimitar",18423
"Off-hand bronze battleaxe",18425
"Off-hand iron battleaxe",18426
"Off-hand steel battleaxe",18427
"Off-hand black battleaxe",18428
"Off-hand mithril battleaxe",18429
"Off-hand adamant battleaxe",18430
"Off-hand rune battleaxe",18431
"Off-hand dragon battleaxe",18433
"Off-hand bronze warhammer",18435
"Off-hand iron warhammer",18436
"Off-hand steel warhammer",18437
"Off-hand black warhammer",18438
"Off-hand mithril warhammer",18439
"Off-hand adamant warhammer",18440
"Off-hand rune warhammer",18441
"Green d'hide shield",18443
"Blue d'hide shield",18444
"Red d'hide shield",18445
"Black d'hide shield",18446
"Batwing shield",18447
"Splitbark shield",18448
"Leather shield",18449
"Hard leather shield",18450
"Studded leather shield",18451
"Mystic shield",18452
"Grifolic shield",18453
"Hard leather boots",18459
"Studded leather boots",18460
"Batwing hood",18461
"Batwing torso",18462
"Batwing gloves",18463
"Batwing legs",18464
"Batwing boots",18465
"Spider silk hood",18466
"Spider silk robe top",18467
"Spider silk robe bottom",18468
"Spider silk boots",18469
"Spider silk gloves",18470
"Imphide hood",18471
"Imphide robe top",18472
"Imphide robe bottom",18473
"Imphide gloves",18474
"Imphide boots",18475
"Imphide shield",18476
"Carapace helm",18477
"Carapace torso",18478
"Carapace legs",18479
"Carapace boots",18480
"Carapace gloves",18481
"Wizard gloves",18488
"Hard leather gloves",18489
"Studded leather gloves",18490
"Grifolic gloves",18491
"Off-hand bronze crossbow",18492
"Off-hand iron crossbow",18493
"Off-hand steel crossbow",18494
"Off-hand mithril crossbow",18495
"Off-hand adamant crossbow",18496
"Off-hand rune crossbow",18497
"Off-hand dragon crossbow",18499
"Karil's off-hand pistol crossbow",18500
"Off-hand iron knife",18501
"Off-hand bronze knife",18502
"Off-hand steel knife",18503
"Off-hand mithril knife",18504
"Off-hand adamant knife",18505
"Off-hand rune knife",18506
"Off-hand black knife",18507
"Off-hand bronze throwing axe",18508
"Off-hand iron throwing axe",18509
"Off-hand steel throwing axe",18510
"Off-hand mithril throwing axe",18511
"Off-hand adamant throwing axe",18512
"Off-hand rune throwing axe",18513
"Off-hand bronze dart",18514
"Off-hand iron dart",18515
"Off-hand steel dart",18516
"Off-hand black dart",18517
"Off-hand mithril dart",18518
"Off-hand adamant dart",18519
"Off-hand rune dart",18520
"Off-hand dragon dart",18521
"Dragon crossbow",18522
"Karil's pistol crossbow",18523
"Bronze 2h crossbow",18524
"Iron 2h crossbow",18525
"Steel 2h crossbow",18526
"Mithril 2h crossbow",18527
"Adamant 2h crossbow",18528
"Rune 2h crossbow",18529
"Dragon 2h crossbow",18531
"Off-hand bronze claw",18532
"Off-hand iron claw",18533
"Off-hand steel claw",18534
"Off-hand black claw",18535
"Off-hand mithril claw",18536
"Off-hand adamant claw",18537
"Off-hand rune claw",18538
"Off-hand white claw",18540
"Ganodermic gloves",18569
"Ganodermic boots",18570
"Log-splitting scrimshaw",18844
"Rock-crushing scrimshaw",18847
"Tree-shaking scrimshaw",18850
"Gem-finding scrimshaw",18853
"Scrimshaw of vampyrism",18856
"Scrimshaw of attack",18859
"Scrimshaw of the elements",18862
"Scrimshaw of magic",18865
"Scrimshaw of cruelty",18868
"Scrimshaw of ranging",18871
"Rocktail soup",18874
"Tetsu helm",18884
"Tetsu body",18885
"Tetsu platelegs",18886
"Seasinger's hood",18896
"Seasinger's robe top",18897
"Seasinger's robe bottom",18898
"Death lotus hood",18905
"Death lotus chestplate",18906
"Death lotus chaps",18907
"Christmas tree hat",19047
"Chitin scraps",19110
"Drygore rapier",19111
"Off-hand drygore rapier",19114
"Drygore longsword",19117
"Off-hand drygore longsword",19120
"Drygore mace",19123
"Off-hand drygore mace",19126
"Demon slayer circlet",19220
"Demon slayer skirt",19221
"Demon slayer torso",19222
"Demon slayer boots",19223
"Demon slayer gloves",19224
"Demon slayer crossbow",19226
"Off-hand demon slayer crossbow",19227
"Static gloves",19491
"Tracking gloves",19493
"Pneumatic gloves",19495
"Ranging mix (2)",19503
"Ranging mix (1)",19504
"Magic mix (2)",19505
"Magic mix (1)",19506
"Ranging potion (4)",19507
"Ranging potion (3)",19508
"Ranging potion (2)",19509
"Ranging potion (1)",19510
"Magic potion (4)",19511
"Magic potion (3)",19512
"Magic potion (2)",19513
"Magic potion (1)",19514
"Ranging flask (6)",19515
"Magic flask (6)",19521
"Wand of treachery",19622
"Super Saradomin brew (4)",20059
"Super Saradomin brew (3)",20060
"Super Saradomin brew (2)",20061
"Super Saradomin brew (1)",20062
"Super Zamorak brew (4)",20063
"Super Zamorak brew (3)",20064
"Super Zamorak brew (2)",20065
"Super Zamorak brew (1)",20066
"Super Guthix rest (4)",20067
"Super Guthix rest (3)",20068
"Super Guthix rest (2)",20069
"Super Guthix rest (1)",20070
"Super Zamorak brew flask (6)",20071
"Super Saradomin brew flask (6)",20077
"Super Guthix brew flask (6)",20083
"Wine of Guthix",20091
"Wine of Saradomin",20093
"Potato cactus seed",20094
"Prickly pear seed",20095
"Fly trap seed",20096
"Sunchoke seed",20097
"Snape grass seed",20098
"Reed seed",20099
"Grapevine seed",20100
"Butterfly flower seed",20101
"Barberry seed",20102
"Wishing well bush seed",20103
"Ascension shard",20225
"Ascension crossbow",20226
"Off-hand Ascension crossbow",20229
"Ascension Keystone Primus",20232
"Ascension Keystone Secundus",20233
"Ascension Keystone Tertius",20234
"Ascension Keystone Quartus",20235
"Ascension Keystone Quintus",20236
"Ascension Keystone Sextus",20237
"Ascension bolts",20246
"Dragonstone gauntlets",20301
"Dragonstone hauberk",20302
"Dragonstone helm",20303
"Dragonstone greaves",20304
"Dragonstone boots",20305
"Crown of Seasons",20355
"Tectonic mask",20361
"Tectonic robe top",20363
"Tectonic robe bottom",20365
"Seismic wand",20367
"Seismic singularity",20370
"Tectonic energy",20375
"Stone of binding",20376
"Bacon",20387
"Bacon stack",20388
"Bacon pile",20389
"Bacon heap",20390
"Bacon mound",20391
"Pork pie",20398
"Pigswill",20400
"Mature pigswill",20401
"Pigswill (1)",20406
"Pigswill (2)",20407
"Pigswill (3)",20408
"Pigswill (4)",20409
"Pigswill (m1)",20410
"Pigswill (m2)",20411
"Pigswill (m3)",20412
"Pigswill (m4)",20413
"Portent of restoration I",20953
"Portent of restoration II",20954
"Portent of restoration III",20955
"Portent of restoration IV",20956
"Portent of restoration V",20957
"Portent of restoration VI",20958
"Portent of restoration VII",20959
"Portent of restoration VIII",20960
"Portent of restoration IX",20961
"Portent of restoration X",20962
"Sign of respite I",20973
"Sign of respite II",20974
"Sign of respite III",20975
"Sign of item protection",20988
"Sign of life",20990
"Pale energy",21012
"Flickering energy",21013
"Bright energy",21014
"Glowing energy",21015
"Sparkling energy",21016
"Gleaming energy",21017
"Vibrant energy",21018
"Lustrous energy",21019
"Brilliant energy",21020
"Radiant energy",21021
"Luminous energy",21022
"Incandescent energy",21023
"Guthix rest flask (6)",21081
"Guthix rest flask (5)",21082
"Guthix rest flask (4)",21083
"Guthix rest flask (3)",21084
"Guthix rest flask (2)",21085
"Guthix rest flask (1)",21086
"Bond",21113
"Dragon warhammer",21145
"Off-hand dragon warhammer",21147
"Dragon battlestaff",21149
"Dragon throwing axe",21151
"Off-hand dragon throwing axe",21152
"Elder logs",21163
"Elder shieldbow",21217
"Elder shortbow",21219
"Dark arrow",21221
"Lit dark fire arrows",21222
"Unlit dark fire arrows",21223
"Elder pyre logs",21225
"Dark arrowheads",21318
"Elder shieldbow (u)",21319
"Elder shortbow (u)",21320
"Sirenic mask",21437
"Sirenic hauberk",21439
"Sirenic chaps",21441
"Sirenic scale",21443
"Algarum thread",21444
"Barrows totem",21579
"Malevolent helm",21580
"Malevolent cuirass",21582
"Malevolent greaves",21584
"Malevolent kiteshield",21586
"Vengeful kiteshield",21589
"Merciless kiteshield",21592
"Malevolent energy",21596
"Reinforcing plate",21597
"Barrows amulet",21598
"Airut bones",21715
"Razorback gauntlets",21717
"Magic notepaper",21875
"Black Santa hat",21903
"Reefwalker's cape",22058
"Leviathan ring",22065
"Numbing root",22260
"Clingy mole",22261
"Abyssal wand",22307
"Abyssal orb",22309
"Torva armour set",22375
"Virtus armour set",22376
"Pernix armour set",22377
"Silverhawk feathers",22384
"Dragon Rider helm",22395
"Dragon Rider body",22397
"Dragon Rider chaps",22399
"Dragon Rider cape",22401
"Dragon Rider kit",22404
"Portable forge",22501
"Portable range",22502
"Portable sawmill",22503
"Portable well",22504
"Celestial handwraps",22639
"Ascension grips",22651
"Elder energy",22759
"Portent of degradation I",22760
"Portent of degradation II",22761
"Portent of degradation III",22762
"Sign of death",22766
"Nightmare muspah pouch",22771
"Siphon self scroll",22774
"Divine impling jar",22777
"Dragon ward",22814
"Dragon knife",22815
"Off-hand dragon knife",22816
"Dragon hasta",22817
"Cloak of Seasons",22835
"Annihilate scroll",22839
"Blood nihil pouch",22846
"Shadow nihil pouch",22847
"Smoke nihil pouch",22848
"Ice nihil pouch",22849
"Elder seed",22869
"Cobalt skillchompa",22971
"Viridian skillchompa",22972
"Azure skillchompa",22973
"Crimson skillchompa",22974
"Spring",22989
"God wars teleport",23036
"Spider leg",23077
"Noxious scythe",23081
"Noxious staff",23084
"Noxious longbow",23087
"Araxyte arrow",23090
"Incomplete hydrix",23192
"Uncut hydrix",23193
"Hydrix",23194
"Hydrix ring",23195
"Hydrix necklace",23196
"Hydrix amulet",23197
"Hydrix amulet",23198
"Hydrix bracelet",23199
"Hydrix bolt tips",23200
"Ascendri bolts",23201
"Ring of death",23202
"Reaper necklace",23204
"Amulet of souls",23206
"Deathtouch bracelet",23208
"Ascendri bolts (e)",23210
"Barbarian assault ticket - hard wave 2",23222
"Barbarian assault ticket - hard wave 3",23223
"Barbarian assault ticket - hard wave 4",23224
"Barbarian assault ticket - hard wave 5",23225
"Barbarian assault ticket - hard wave 6",23226
"Barbarian assault ticket - hard wave 7",23227
"Barbarian assault ticket - hard wave 8",23228
"Barbarian assault ticket - hard wave 9",23229
"Barbarian assault ticket - hard wave 10",23230
"Insignia recharge",23248
"Superior ancient mace",23402
"Vis wax",23403
"Crystal weapon seed",23515
"Crystal tool seed",23516
"Crystal staff",23517
"Crystal wand",23519
"Crystal orb",23521
"Crystal halberd",23523
"Crystal dagger",23525
"Off-hand crystal dagger",23527
"Crystal bow",23529
"Crystal chakram",23531
"Off-hand crystal chakram",23533
"Crystal ward",23535
"Crystal shield",23537
"Crystal deflector",23539
"Crystal impling jar",23562
"Ghostly essence",23625
"Basilisk boots",23652
"Turoth boots",23653
"Kurask boots",23654
"Crystal armour seed",23842
"Harmony moss seed",23882
"Blood necklace shard",23905
"Tortured soul",23919
"Perfect juju woodcutting potion (1)",23965
"Perfect juju woodcutting potion (2)",23966
"Perfect juju woodcutting potion (3)",23967
"Perfect juju woodcutting potion (4)",23968
"Perfect juju farming potion (1)",23969
"Perfect juju farming potion (2)",23970
"Perfect juju farming potion (3)",23971
